,Intercept_p,Electrode,p_value
merged_corr_df_.5s_epoch.csv_0.1_AF7,3.4477851443572433e-66,AF7,0.8954174342877995
merged_corr_df_.5s_epoch.csv_0.1_AF8,3.252373560501164e-65,AF8,0.24098493233500062
merged_corr_df_.5s_epoch.csv_0.1_TP9,3.321789679582013e-67,TP9,0.33298505928326794
merged_corr_df_.5s_epoch.csv_0.1_TP10,2.653140626210272e-67,TP10,0.4350774365699547
merged_corr_df_.5s_epoch.csv_0.2_AF7,6.838971070578026e-84,AF7,0.7610149820064195
merged_corr_df_.5s_epoch.csv_0.2_AF8,2.669379106849862e-84,AF8,0.7916772620535071
merged_corr_df_.5s_epoch.csv_0.2_TP9,1.426745635337113e-84,TP9,0.9837756519070003
merged_corr_df_.5s_epoch.csv_0.2_TP10,3.67606268345269e-83,TP10,0.05710929799974374
merged_corr_df_.5s_epoch.csv_0.30000000000000004_AF7,6.986183256973206e-89,AF7,0.5589900609172176
merged_corr_df_.5s_epoch.csv_0.30000000000000004_AF8,5.077899088253714e-89,AF8,0.9359130365367005
merged_corr_df_.5s_epoch.csv_0.30000000000000004_TP9,2.7026066208914404e-91,TP9,0.22964222187376016
merged_corr_df_.5s_epoch.csv_0.30000000000000004_TP10,1.8998753978086468e-90,TP10,0.008671584507110065
merged_corr_df_.5s_epoch.csv_0.4_AF7,1.8697549117599264e-90,AF7,0.28965065629037545
merged_corr_df_.5s_epoch.csv_0.4_AF8,2.0405166233055236e-91,AF8,0.8318127730192455
merged_corr_df_.5s_epoch.csv_0.4_TP9,1.750089610823839e-95,TP9,0.07166723418600322
merged_corr_df_.5s_epoch.csv_0.4_TP10,8.277467826265233e-94,TP10,0.0039735152931793544
merged_corr_df_.5s_epoch.csv_0.5_AF7,3.587876130801306e-90,AF7,0.24748788848680248
merged_corr_df_.5s_epoch.csv_0.5_AF8,2.990329152413155e-91,AF8,0.8615328711522371
merged_corr_df_.5s_epoch.csv_0.5_TP9,5.526724999770575e-94,TP9,0.17790269691513538
merged_corr_df_.5s_epoch.csv_0.5_TP10,8.216209271763455e-94,TP10,0.0028669940514783132
merged_corr_df_.5s_epoch.csv_0.6000000000000001_AF7,7.410653867664719e-91,AF7,0.18205126704360242
merged_corr_df_.5s_epoch.csv_0.6000000000000001_AF8,2.153843790787867e-92,AF8,0.46316480868390764
merged_corr_df_.5s_epoch.csv_0.6000000000000001_TP9,5.793805633532809e-95,TP9,0.16221720515397187
merged_corr_df_.5s_epoch.csv_0.6000000000000001_TP10,1.990739325685836e-95,TP10,0.011980561583758145
merged_corr_df_.5s_epoch.csv_0.7000000000000001_AF7,7.410653867664719e-91,AF7,0.18205126704360242
merged_corr_df_.5s_epoch.csv_0.7000000000000001_AF8,2.153843790787867e-92,AF8,0.46316480868390764
merged_corr_df_.5s_epoch.csv_0.7000000000000001_TP9,5.793805633532809e-95,TP9,0.16221720515397187
merged_corr_df_.5s_epoch.csv_0.7000000000000001_TP10,1.990739325685836e-95,TP10,0.011980561583758145
merged_corr_df_.5s_epoch.csv_0.8_AF7,7.410653867664719e-91,AF7,0.18205126704360242
merged_corr_df_.5s_epoch.csv_0.8_AF8,2.153843790787867e-92,AF8,0.46316480868390764
merged_corr_df_.5s_epoch.csv_0.8_TP9,5.793805633532809e-95,TP9,0.16221720515397187
merged_corr_df_.5s_epoch.csv_0.8_TP10,1.990739325685836e-95,TP10,0.011980561583758145
merged_corr_df_.5s_epoch.csv_0.9_AF7,7.410653867664719e-91,AF7,0.18205126704360242
merged_corr_df_.5s_epoch.csv_0.9_AF8,2.153843790787867e-92,AF8,0.46316480868390764
merged_corr_df_.5s_epoch.csv_0.9_TP9,5.793805633532809e-95,TP9,0.16221720515397187
merged_corr_df_.5s_epoch.csv_0.9_TP10,1.990739325685836e-95,TP10,0.011980561583758145
merged_corr_df_.5s_epoch.csv_1.0_AF7,7.410653867664719e-91,AF7,0.18205126704360242
merged_corr_df_.5s_epoch.csv_1.0_AF8,2.153843790787867e-92,AF8,0.46316480868390764
merged_corr_df_.5s_epoch.csv_1.0_TP9,5.793805633532809e-95,TP9,0.16221720515397187
merged_corr_df_.5s_epoch.csv_1.0_TP10,1.990739325685836e-95,TP10,0.011980561583758145
merged_corr_df_1s_epoch.csv_0.1_AF7,6.40769621827178e-63,AF7,0.9664619748393346
merged_corr_df_1s_epoch.csv_0.1_AF8,4.244875044140065e-63,AF8,0.08317346767372356
merged_corr_df_1s_epoch.csv_0.1_TP9,1.3043356916998595e-62,TP9,0.3238003650397824
merged_corr_df_1s_epoch.csv_0.1_TP10,8.458548408206815e-63,TP10,0.47508795350245614
merged_corr_df_1s_epoch.csv_0.2_AF7,1.2679496318000405e-86,AF7,0.0670965617254687
merged_corr_df_1s_epoch.csv_0.2_AF8,2.8680174950425986e-86,AF8,0.8623309337957563
merged_corr_df_1s_epoch.csv_0.2_TP9,5.669626726259297e-86,TP9,0.9151863227362563
merged_corr_df_1s_epoch.csv_0.2_TP10,2.7937454451032514e-83,TP10,0.2692721168165102
merged_corr_df_1s_epoch.csv_0.30000000000000004_AF7,2.908287951992172e-90,AF7,0.02252941995410555
merged_corr_df_1s_epoch.csv_0.30000000000000004_AF8,4.810148879394858e-88,AF8,0.6991015249879234
merged_corr_df_1s_epoch.csv_0.30000000000000004_TP9,1.240061934397981e-87,TP9,0.8666870677534526
merged_corr_df_1s_epoch.csv_0.30000000000000004_TP10,4.141902827626049e-87,TP10,0.8725899678942356
merged_corr_df_1s_epoch.csv_0.4_AF7,5.0910329802612084e-93,AF7,0.015599608653826645
merged_corr_df_1s_epoch.csv_0.4_AF8,2.4588784862630983e-90,AF8,0.8254644689425766
merged_corr_df_1s_epoch.csv_0.4_TP9,2.5372963507943876e-90,TP9,0.7538739890629707
merged_corr_df_1s_epoch.csv_0.4_TP10,9.659247902371208e-90,TP10,0.9261174771850349
merged_corr_df_1s_epoch.csv_0.5_AF7,3.2387712386593716e-94,AF7,0.005213323981598073
merged_corr_df_1s_epoch.csv_0.5_AF8,8.861686323016313e-90,AF8,0.6223517302259587
merged_corr_df_1s_epoch.csv_0.5_TP9,3.0485595423977386e-89,TP9,0.5035478533923109
merged_corr_df_1s_epoch.csv_0.5_TP10,5.748632406507867e-90,TP10,0.4025449275963212
merged_corr_df_1s_epoch.csv_0.6000000000000001_AF7,3.2387712386593716e-94,AF7,0.005213323981598073
merged_corr_df_1s_epoch.csv_0.6000000000000001_AF8,8.861686323016313e-90,AF8,0.6223517302259587
merged_corr_df_1s_epoch.csv_0.6000000000000001_TP9,3.0485595423977386e-89,TP9,0.5035478533923109
merged_corr_df_1s_epoch.csv_0.6000000000000001_TP10,5.748632406507867e-90,TP10,0.4025449275963212
merged_corr_df_1s_epoch.csv_0.7000000000000001_AF7,3.2387712386593716e-94,AF7,0.005213323981598073
merged_corr_df_1s_epoch.csv_0.7000000000000001_AF8,8.861686323016313e-90,AF8,0.6223517302259587
merged_corr_df_1s_epoch.csv_0.7000000000000001_TP9,3.0485595423977386e-89,TP9,0.5035478533923109
merged_corr_df_1s_epoch.csv_0.7000000000000001_TP10,5.748632406507867e-90,TP10,0.4025449275963212
merged_corr_df_1s_epoch.csv_0.8_AF7,3.2387712386593716e-94,AF7,0.005213323981598073
merged_corr_df_1s_epoch.csv_0.8_AF8,8.861686323016313e-90,AF8,0.6223517302259587
merged_corr_df_1s_epoch.csv_0.8_TP9,3.0485595423977386e-89,TP9,0.5035478533923109
merged_corr_df_1s_epoch.csv_0.8_TP10,5.748632406507867e-90,TP10,0.4025449275963212
merged_corr_df_1s_epoch.csv_0.9_AF7,3.2387712386593716e-94,AF7,0.005213323981598073
merged_corr_df_1s_epoch.csv_0.9_AF8,8.861686323016313e-90,AF8,0.6223517302259587
merged_corr_df_1s_epoch.csv_0.9_TP9,3.0485595423977386e-89,TP9,0.5035478533923109
merged_corr_df_1s_epoch.csv_0.9_TP10,5.748632406507867e-90,TP10,0.4025449275963212
merged_corr_df_1s_epoch.csv_1.0_AF7,3.2387712386593716e-94,AF7,0.005213323981598073
merged_corr_df_1s_epoch.csv_1.0_AF8,8.861686323016313e-90,AF8,0.6223517302259587
merged_corr_df_1s_epoch.csv_1.0_TP9,3.0485595423977386e-89,TP9,0.5035478533923109
merged_corr_df_1s_epoch.csv_1.0_TP10,5.748632406507867e-90,TP10,0.4025449275963212
merged_corr_df_1.5s_epoch.csv_0.1_AF7,8.971243249755155e-69,AF7,0.4986986981101281
merged_corr_df_1.5s_epoch.csv_0.1_AF8,1.8877809941237083e-69,AF8,0.3327882811283205
merged_corr_df_1.5s_epoch.csv_0.1_TP9,6.271578832151239e-69,TP9,0.6567793918794441
merged_corr_df_1.5s_epoch.csv_0.1_TP10,3.0868970746725372e-68,TP10,0.8640725158745557
merged_corr_df_1.5s_epoch.csv_0.2_AF7,1.5991818211149935e-82,AF7,0.09344750067856195
merged_corr_df_1.5s_epoch.csv_0.2_AF8,3.021699224179853e-81,AF8,0.850566522178321
merged_corr_df_1.5s_epoch.csv_0.2_TP9,1.7421154561204986e-81,TP9,0.5668208542610256
merged_corr_df_1.5s_epoch.csv_0.2_TP10,2.8209814035596947e-81,TP10,0.8653682644608791
merged_corr_df_1.5s_epoch.csv_0.30000000000000004_AF7,1.1241803312569479e-88,AF7,0.20287132659446372
merged_corr_df_1.5s_epoch.csv_0.30000000000000004_AF8,1.2084269295483235e-87,AF8,0.9356673468217155
merged_corr_df_1.5s_epoch.csv_0.30000000000000004_TP9,9.486074285224264e-88,TP9,0.8007503063897831
merged_corr_df_1.5s_epoch.csv_0.30000000000000004_TP10,1.5953060755473576e-87,TP10,0.6932691319637354
merged_corr_df_1.5s_epoch.csv_0.4_AF7,4.243488227514027e-90,AF7,0.6212538467372748
merged_corr_df_1.5s_epoch.csv_0.4_AF8,2.6348089766531834e-89,AF8,0.6545399327501158
merged_corr_df_1.5s_epoch.csv_0.4_TP9,1.179427461403501e-89,TP9,0.6686051925181971
merged_corr_df_1.5s_epoch.csv_0.4_TP10,1.5230212590602799e-89,TP10,0.922090420937248
merged_corr_df_1.5s_epoch.csv_0.5_AF7,9.475784792789229e-92,AF7,0.7203377416055662
merged_corr_df_1.5s_epoch.csv_0.5_AF8,1.540807251723177e-91,AF8,0.6385048374326066
merged_corr_df_1.5s_epoch.csv_0.5_TP9,1.6465015105781755e-91,TP9,0.623041142000827
merged_corr_df_1.5s_epoch.csv_0.5_TP10,6.202793177332981e-91,TP10,0.8372863074726749
merged_corr_df_1.5s_epoch.csv_0.6000000000000001_AF7,9.475784792789229e-92,AF7,0.7203377416055662
merged_corr_df_1.5s_epoch.csv_0.6000000000000001_AF8,1.540807251723177e-91,AF8,0.6385048374326066
merged_corr_df_1.5s_epoch.csv_0.6000000000000001_TP9,1.6465015105781755e-91,TP9,0.623041142000827
merged_corr_df_1.5s_epoch.csv_0.6000000000000001_TP10,6.202793177332981e-91,TP10,0.8372863074726749
merged_corr_df_1.5s_epoch.csv_0.7000000000000001_AF7,9.475784792789229e-92,AF7,0.7203377416055662
merged_corr_df_1.5s_epoch.csv_0.7000000000000001_AF8,1.540807251723177e-91,AF8,0.6385048374326066
merged_corr_df_1.5s_epoch.csv_0.7000000000000001_TP9,1.6465015105781755e-91,TP9,0.623041142000827
merged_corr_df_1.5s_epoch.csv_0.7000000000000001_TP10,6.202793177332981e-91,TP10,0.8372863074726749
merged_corr_df_1.5s_epoch.csv_0.8_AF7,9.475784792789229e-92,AF7,0.7203377416055662
merged_corr_df_1.5s_epoch.csv_0.8_AF8,1.540807251723177e-91,AF8,0.6385048374326066
merged_corr_df_1.5s_epoch.csv_0.8_TP9,1.6465015105781755e-91,TP9,0.623041142000827
merged_corr_df_1.5s_epoch.csv_0.8_TP10,6.202793177332981e-91,TP10,0.8372863074726749
merged_corr_df_1.5s_epoch.csv_0.9_AF7,9.475784792789229e-92,AF7,0.7203377416055662
merged_corr_df_1.5s_epoch.csv_0.9_AF8,1.540807251723177e-91,AF8,0.6385048374326066
merged_corr_df_1.5s_epoch.csv_0.9_TP9,1.6465015105781755e-91,TP9,0.623041142000827
merged_corr_df_1.5s_epoch.csv_0.9_TP10,6.202793177332981e-91,TP10,0.8372863074726749
merged_corr_df_1.5s_epoch.csv_1.0_AF7,9.475784792789229e-92,AF7,0.7203377416055662
merged_corr_df_1.5s_epoch.csv_1.0_AF8,1.540807251723177e-91,AF8,0.6385048374326066
merged_corr_df_1.5s_epoch.csv_1.0_TP9,1.6465015105781755e-91,TP9,0.623041142000827
merged_corr_df_1.5s_epoch.csv_1.0_TP10,6.202793177332981e-91,TP10,0.8372863074726749
merged_corr_df_2s_epoch.csv_0.1_AF7,2.2410515533127603e-69,AF7,0.9205325736762028
merged_corr_df_2s_epoch.csv_0.1_AF8,1.8623675472671984e-69,AF8,0.9620729156326787
merged_corr_df_2s_epoch.csv_0.1_TP9,1.634573785110796e-69,TP9,0.9497751164823531
merged_corr_df_2s_epoch.csv_0.1_TP10,1.189380662087168e-69,TP10,0.9617253463007981
merged_corr_df_2s_epoch.csv_0.2_AF7,5.218286113033556e-86,AF7,0.6091442872060246
merged_corr_df_2s_epoch.csv_0.2_AF8,1.045067671526407e-84,AF8,0.3108999157959156
merged_corr_df_2s_epoch.csv_0.2_TP9,4.019122647325538e-86,TP9,0.8143482288341535
merged_corr_df_2s_epoch.csv_0.2_TP10,4.885242088972337e-88,TP10,0.13055016013522086
merged_corr_df_2s_epoch.csv_0.30000000000000004_AF7,6.380527517731254e-89,AF7,0.5006597564248968
merged_corr_df_2s_epoch.csv_0.30000000000000004_AF8,5.7572608145817325e-89,AF8,0.3393581113463777
merged_corr_df_2s_epoch.csv_0.30000000000000004_TP9,2.127346433669216e-89,TP9,0.531433882299196
merged_corr_df_2s_epoch.csv_0.30000000000000004_TP10,9.391570933694286e-91,TP10,0.23858499992426585
merged_corr_df_2s_epoch.csv_0.4_AF7,2.4128356526617976e-89,AF7,0.45606816665458394
merged_corr_df_2s_epoch.csv_0.4_AF8,3.1242309320611387e-89,AF8,0.3266175153896167
merged_corr_df_2s_epoch.csv_0.4_TP9,1.1533272792225756e-89,TP9,0.463596853225159
merged_corr_df_2s_epoch.csv_0.4_TP10,6.928918285816162e-90,TP10,0.45443106417803836
merged_corr_df_2s_epoch.csv_0.5_AF7,6.805332199561513e-90,AF7,0.6273385504361955
merged_corr_df_2s_epoch.csv_0.5_AF8,5.479810499645479e-90,AF8,0.3263796524407172
merged_corr_df_2s_epoch.csv_0.5_TP9,1.4240356846793648e-90,TP9,0.4362905668274546
merged_corr_df_2s_epoch.csv_0.5_TP10,1.05661363906902e-90,TP10,0.4206323681319223
merged_corr_df_2s_epoch.csv_0.6000000000000001_AF7,6.805332199561513e-90,AF7,0.6273385504361955
merged_corr_df_2s_epoch.csv_0.6000000000000001_AF8,5.479810499645479e-90,AF8,0.3263796524407172
merged_corr_df_2s_epoch.csv_0.6000000000000001_TP9,1.4240356846793648e-90,TP9,0.4362905668274546
merged_corr_df_2s_epoch.csv_0.6000000000000001_TP10,1.05661363906902e-90,TP10,0.4206323681319223
merged_corr_df_2s_epoch.csv_0.7000000000000001_AF7,6.805332199561513e-90,AF7,0.6273385504361955
merged_corr_df_2s_epoch.csv_0.7000000000000001_AF8,5.479810499645479e-90,AF8,0.3263796524407172
merged_corr_df_2s_epoch.csv_0.7000000000000001_TP9,1.4240356846793648e-90,TP9,0.4362905668274546
merged_corr_df_2s_epoch.csv_0.7000000000000001_TP10,1.05661363906902e-90,TP10,0.4206323681319223
merged_corr_df_2s_epoch.csv_0.8_AF7,6.805332199561513e-90,AF7,0.6273385504361955
merged_corr_df_2s_epoch.csv_0.8_AF8,5.479810499645479e-90,AF8,0.3263796524407172
merged_corr_df_2s_epoch.csv_0.8_TP9,1.4240356846793648e-90,TP9,0.4362905668274546
merged_corr_df_2s_epoch.csv_0.8_TP10,1.05661363906902e-90,TP10,0.4206323681319223
merged_corr_df_2s_epoch.csv_0.9_AF7,6.805332199561513e-90,AF7,0.6273385504361955
merged_corr_df_2s_epoch.csv_0.9_AF8,5.479810499645479e-90,AF8,0.3263796524407172
merged_corr_df_2s_epoch.csv_0.9_TP9,1.4240356846793648e-90,TP9,0.4362905668274546
merged_corr_df_2s_epoch.csv_0.9_TP10,1.05661363906902e-90,TP10,0.4206323681319223
merged_corr_df_2s_epoch.csv_1.0_AF7,6.805332199561513e-90,AF7,0.6273385504361955
merged_corr_df_2s_epoch.csv_1.0_AF8,5.479810499645479e-90,AF8,0.3263796524407172
merged_corr_df_2s_epoch.csv_1.0_TP9,1.4240356846793648e-90,TP9,0.4362905668274546
merged_corr_df_2s_epoch.csv_1.0_TP10,1.05661363906902e-90,TP10,0.4206323681319223
merged_corr_df_2.5s_epoch.csv_0.1_AF7,4.003681288180063e-62,AF7,0.7300256175909565
merged_corr_df_2.5s_epoch.csv_0.1_AF8,4.6221072932789155e-62,AF8,0.7804846121177679
merged_corr_df_2.5s_epoch.csv_0.1_TP9,7.903183503655647e-62,TP9,0.8552496481997574
merged_corr_df_2.5s_epoch.csv_0.1_TP10,2.528564809523462e-63,TP10,0.24716432794644438
merged_corr_df_2.5s_epoch.csv_0.2_AF7,1.807531849061841e-83,AF7,0.4631679244227297
merged_corr_df_2.5s_epoch.csv_0.2_AF8,8.371732154455938e-84,AF8,0.9719698758337847
merged_corr_df_2.5s_epoch.csv_0.2_TP9,1.7510464265205156e-83,TP9,0.143590741713457
merged_corr_df_2.5s_epoch.csv_0.2_TP10,2.722232519473988e-85,TP10,0.2980705831257806
merged_corr_df_2.5s_epoch.csv_0.30000000000000004_AF7,4.2966312862781186e-86,AF7,0.8973691689666615
merged_corr_df_2.5s_epoch.csv_0.30000000000000004_AF8,3.9604138392665045e-86,AF8,0.6853301301805628
merged_corr_df_2.5s_epoch.csv_0.30000000000000004_TP9,7.544193258149567e-86,TP9,0.12250473872993804
merged_corr_df_2.5s_epoch.csv_0.30000000000000004_TP10,2.2287717832313546e-86,TP10,0.9546932851956953
merged_corr_df_2.5s_epoch.csv_0.4_AF7,5.259417318369834e-85,AF7,0.5642075139812681
merged_corr_df_2.5s_epoch.csv_0.4_AF8,1.623719510301032e-84,AF8,0.9575935490832794
merged_corr_df_2.5s_epoch.csv_0.4_TP9,3.8622381801206575e-84,TP9,0.09331469470190477
merged_corr_df_2.5s_epoch.csv_0.4_TP10,7.539856704309358e-85,TP10,0.9358200151685202
merged_corr_df_2.5s_epoch.csv_0.5_AF7,8.617664416019937e-86,AF7,0.684555988078534
merged_corr_df_2.5s_epoch.csv_0.5_AF8,4.8590495878427127e-85,AF8,0.5071896048485742
merged_corr_df_2.5s_epoch.csv_0.5_TP9,6.748979032487495e-85,TP9,0.19774346014851885
merged_corr_df_2.5s_epoch.csv_0.5_TP10,2.5529839171374528e-86,TP10,0.6455688954261716
merged_corr_df_2.5s_epoch.csv_0.6000000000000001_AF7,3.867885057934377e-86,AF7,0.6870110077791036
merged_corr_df_2.5s_epoch.csv_0.6000000000000001_AF8,2.993186428678993e-85,AF8,0.5243383044675003
merged_corr_df_2.5s_epoch.csv_0.6000000000000001_TP9,1.8777875393820352e-85,TP9,0.23870022197530694
merged_corr_df_2.5s_epoch.csv_0.6000000000000001_TP10,1.1915383005077738e-86,TP10,0.6500840347721375
merged_corr_df_2.5s_epoch.csv_0.7000000000000001_AF7,3.867885057934377e-86,AF7,0.6870110077791036
merged_corr_df_2.5s_epoch.csv_0.7000000000000001_AF8,2.993186428678993e-85,AF8,0.5243383044675003
merged_corr_df_2.5s_epoch.csv_0.7000000000000001_TP9,1.8777875393820352e-85,TP9,0.23870022197530694
merged_corr_df_2.5s_epoch.csv_0.7000000000000001_TP10,1.1915383005077738e-86,TP10,0.6500840347721375
merged_corr_df_2.5s_epoch.csv_0.8_AF7,3.867885057934377e-86,AF7,0.6870110077791036
merged_corr_df_2.5s_epoch.csv_0.8_AF8,2.993186428678993e-85,AF8,0.5243383044675003
merged_corr_df_2.5s_epoch.csv_0.8_TP9,1.8777875393820352e-85,TP9,0.23870022197530694
merged_corr_df_2.5s_epoch.csv_0.8_TP10,1.1915383005077738e-86,TP10,0.6500840347721375
merged_corr_df_2.5s_epoch.csv_0.9_AF7,3.867885057934377e-86,AF7,0.6870110077791036
merged_corr_df_2.5s_epoch.csv_0.9_AF8,2.993186428678993e-85,AF8,0.5243383044675003
merged_corr_df_2.5s_epoch.csv_0.9_TP9,1.8777875393820352e-85,TP9,0.23870022197530694
merged_corr_df_2.5s_epoch.csv_0.9_TP10,1.1915383005077738e-86,TP10,0.6500840347721375
merged_corr_df_2.5s_epoch.csv_1.0_AF7,3.867885057934377e-86,AF7,0.6870110077791036
merged_corr_df_2.5s_epoch.csv_1.0_AF8,2.993186428678993e-85,AF8,0.5243383044675003
merged_corr_df_2.5s_epoch.csv_1.0_TP9,1.8777875393820352e-85,TP9,0.23870022197530694
merged_corr_df_2.5s_epoch.csv_1.0_TP10,1.1915383005077738e-86,TP10,0.6500840347721375
merged_corr_df_3s_epoch.csv_0.1_AF7,4.1467744749286906e-70,AF7,0.9908290743970484
merged_corr_df_3s_epoch.csv_0.1_AF8,5.023204031048883e-69,AF8,0.36592140606042656
merged_corr_df_3s_epoch.csv_0.1_TP9,1.2723761625869163e-70,TP9,0.34235759283279776
merged_corr_df_3s_epoch.csv_0.1_TP10,1.5801524180824212e-70,TP10,0.6365421959988968
merged_corr_df_3s_epoch.csv_0.2_AF7,4.155109000396578e-77,AF7,0.9568241523674275
merged_corr_df_3s_epoch.csv_0.2_AF8,1.8972682328330463e-77,AF8,0.7162520019887352
merged_corr_df_3s_epoch.csv_0.2_TP9,1.8335215810215675e-76,TP9,0.46130423130751175
merged_corr_df_3s_epoch.csv_0.2_TP10,2.8265778885450476e-77,TP10,0.7120856844754972
merged_corr_df_3s_epoch.csv_0.30000000000000004_AF7,2.198960009993222e-82,AF7,0.4926542645368146
merged_corr_df_3s_epoch.csv_0.30000000000000004_AF8,6.393631127427974e-83,AF8,0.7181567927038988
merged_corr_df_3s_epoch.csv_0.30000000000000004_TP9,5.641840167219002e-82,TP9,0.4149280998762437
merged_corr_df_3s_epoch.csv_0.30000000000000004_TP10,9.086675969190776e-83,TP10,0.8328570738866287
merged_corr_df_3s_epoch.csv_0.4_AF7,2.198960009993222e-82,AF7,0.4926542645368146
merged_corr_df_3s_epoch.csv_0.4_AF8,6.393631127427974e-83,AF8,0.7181567927038988
merged_corr_df_3s_epoch.csv_0.4_TP9,5.641840167219002e-82,TP9,0.4149280998762437
merged_corr_df_3s_epoch.csv_0.4_TP10,9.086675969190776e-83,TP10,0.8328570738866287
merged_corr_df_3s_epoch.csv_0.5_AF7,2.198960009993222e-82,AF7,0.4926542645368146
merged_corr_df_3s_epoch.csv_0.5_AF8,6.393631127427974e-83,AF8,0.7181567927038988
merged_corr_df_3s_epoch.csv_0.5_TP9,5.641840167219002e-82,TP9,0.4149280998762437
merged_corr_df_3s_epoch.csv_0.5_TP10,9.086675969190776e-83,TP10,0.8328570738866287
merged_corr_df_3s_epoch.csv_0.6000000000000001_AF7,2.198960009993222e-82,AF7,0.4926542645368146
merged_corr_df_3s_epoch.csv_0.6000000000000001_AF8,6.393631127427974e-83,AF8,0.7181567927038988
merged_corr_df_3s_epoch.csv_0.6000000000000001_TP9,5.641840167219002e-82,TP9,0.4149280998762437
merged_corr_df_3s_epoch.csv_0.6000000000000001_TP10,9.086675969190776e-83,TP10,0.8328570738866287
merged_corr_df_3s_epoch.csv_0.7000000000000001_AF7,2.198960009993222e-82,AF7,0.4926542645368146
merged_corr_df_3s_epoch.csv_0.7000000000000001_AF8,6.393631127427974e-83,AF8,0.7181567927038988
merged_corr_df_3s_epoch.csv_0.7000000000000001_TP9,5.641840167219002e-82,TP9,0.4149280998762437
merged_corr_df_3s_epoch.csv_0.7000000000000001_TP10,9.086675969190776e-83,TP10,0.8328570738866287
merged_corr_df_3s_epoch.csv_0.8_AF7,2.198960009993222e-82,AF7,0.4926542645368146
merged_corr_df_3s_epoch.csv_0.8_AF8,6.393631127427974e-83,AF8,0.7181567927038988
merged_corr_df_3s_epoch.csv_0.8_TP9,5.641840167219002e-82,TP9,0.4149280998762437
merged_corr_df_3s_epoch.csv_0.8_TP10,9.086675969190776e-83,TP10,0.8328570738866287
merged_corr_df_3s_epoch.csv_0.9_AF7,2.198960009993222e-82,AF7,0.4926542645368146
merged_corr_df_3s_epoch.csv_0.9_AF8,6.393631127427974e-83,AF8,0.7181567927038988
merged_corr_df_3s_epoch.csv_0.9_TP9,5.641840167219002e-82,TP9,0.4149280998762437
merged_corr_df_3s_epoch.csv_0.9_TP10,9.086675969190776e-83,TP10,0.8328570738866287
merged_corr_df_3s_epoch.csv_1.0_AF7,2.198960009993222e-82,AF7,0.4926542645368146
merged_corr_df_3s_epoch.csv_1.0_AF8,6.393631127427974e-83,AF8,0.7181567927038988
merged_corr_df_3s_epoch.csv_1.0_TP9,5.641840167219002e-82,TP9,0.4149280998762437
merged_corr_df_3s_epoch.csv_1.0_TP10,9.086675969190776e-83,TP10,0.8328570738866287
merged_corr_df_3.5s_epoch.csv_0.1_AF7,2.3855772173702285e-67,AF7,0.7212686743313994
merged_corr_df_3.5s_epoch.csv_0.1_AF8,7.981820890831753e-68,AF8,0.30252103315604306
merged_corr_df_3.5s_epoch.csv_0.1_TP9,1.568826131086976e-67,TP9,0.48911252532862026
merged_corr_df_3.5s_epoch.csv_0.1_TP10,2.802761526976998e-67,TP10,0.6221152880988816
merged_corr_df_3.5s_epoch.csv_0.2_AF7,4.088485126942727e-78,AF7,0.7690657165675846
merged_corr_df_3.5s_epoch.csv_0.2_AF8,1.2802394941540389e-76,AF8,0.13825910079850726
merged_corr_df_3.5s_epoch.csv_0.2_TP9,6.767158470075131e-79,TP9,0.39568831640617586
merged_corr_df_3.5s_epoch.csv_0.2_TP10,2.740230554343882e-76,TP10,0.7274810027841982
merged_corr_df_3.5s_epoch.csv_0.30000000000000004_AF7,1.0512739475219341e-77,AF7,0.9187056081661689
merged_corr_df_3.5s_epoch.csv_0.30000000000000004_AF8,4.054756323860676e-76,AF8,0.1939276679148182
merged_corr_df_3.5s_epoch.csv_0.30000000000000004_TP9,4.7004833851562346e-79,TP9,0.3039639048966306
merged_corr_df_3.5s_epoch.csv_0.30000000000000004_TP10,1.4230354968203844e-77,TP10,0.46811051212947863
merged_corr_df_3.5s_epoch.csv_0.4_AF7,3.4751640149710604e-79,AF7,0.8241849589506929
merged_corr_df_3.5s_epoch.csv_0.4_AF8,2.682484455609227e-78,AF8,0.18932695942302646
merged_corr_df_3.5s_epoch.csv_0.4_TP9,3.44898336783805e-79,TP9,0.5176281885498605
merged_corr_df_3.5s_epoch.csv_0.4_TP10,4.3129699956340525e-79,TP10,0.4422694172448398
merged_corr_df_3.5s_epoch.csv_0.5_AF7,3.4751640149710604e-79,AF7,0.8241849589506929
merged_corr_df_3.5s_epoch.csv_0.5_AF8,2.682484455609227e-78,AF8,0.18932695942302646
merged_corr_df_3.5s_epoch.csv_0.5_TP9,3.44898336783805e-79,TP9,0.5176281885498605
merged_corr_df_3.5s_epoch.csv_0.5_TP10,4.3129699956340525e-79,TP10,0.4422694172448398
merged_corr_df_3.5s_epoch.csv_0.6000000000000001_AF7,3.4751640149710604e-79,AF7,0.8241849589506929
merged_corr_df_3.5s_epoch.csv_0.6000000000000001_AF8,2.682484455609227e-78,AF8,0.18932695942302646
merged_corr_df_3.5s_epoch.csv_0.6000000000000001_TP9,3.44898336783805e-79,TP9,0.5176281885498605
merged_corr_df_3.5s_epoch.csv_0.6000000000000001_TP10,4.3129699956340525e-79,TP10,0.4422694172448398
merged_corr_df_3.5s_epoch.csv_0.7000000000000001_AF7,3.4751640149710604e-79,AF7,0.8241849589506929
merged_corr_df_3.5s_epoch.csv_0.7000000000000001_AF8,2.682484455609227e-78,AF8,0.18932695942302646
merged_corr_df_3.5s_epoch.csv_0.7000000000000001_TP9,3.44898336783805e-79,TP9,0.5176281885498605
merged_corr_df_3.5s_epoch.csv_0.7000000000000001_TP10,4.3129699956340525e-79,TP10,0.4422694172448398
merged_corr_df_3.5s_epoch.csv_0.8_AF7,3.4751640149710604e-79,AF7,0.8241849589506929
merged_corr_df_3.5s_epoch.csv_0.8_AF8,2.682484455609227e-78,AF8,0.18932695942302646
merged_corr_df_3.5s_epoch.csv_0.8_TP9,3.44898336783805e-79,TP9,0.5176281885498605
merged_corr_df_3.5s_epoch.csv_0.8_TP10,4.3129699956340525e-79,TP10,0.4422694172448398
merged_corr_df_3.5s_epoch.csv_0.9_AF7,3.4751640149710604e-79,AF7,0.8241849589506929
merged_corr_df_3.5s_epoch.csv_0.9_AF8,2.682484455609227e-78,AF8,0.18932695942302646
merged_corr_df_3.5s_epoch.csv_0.9_TP9,3.44898336783805e-79,TP9,0.5176281885498605
merged_corr_df_3.5s_epoch.csv_0.9_TP10,4.3129699956340525e-79,TP10,0.4422694172448398
merged_corr_df_3.5s_epoch.csv_1.0_AF7,3.4751640149710604e-79,AF7,0.8241849589506929
merged_corr_df_3.5s_epoch.csv_1.0_AF8,2.682484455609227e-78,AF8,0.18932695942302646
merged_corr_df_3.5s_epoch.csv_1.0_TP9,3.44898336783805e-79,TP9,0.5176281885498605
merged_corr_df_3.5s_epoch.csv_1.0_TP10,4.3129699956340525e-79,TP10,0.4422694172448398
merged_corr_df_4s_epoch.csv_0.1_AF7,2.5296678358555747e-73,AF7,0.981283432633207
merged_corr_df_4s_epoch.csv_0.1_AF8,8.96770938482572e-73,AF8,0.7225954167154769
merged_corr_df_4s_epoch.csv_0.1_TP9,3.522401687406267e-72,TP9,0.5399537127874892
merged_corr_df_4s_epoch.csv_0.1_TP10,8.281442667496988e-74,TP10,0.26547814220293686
merged_corr_df_4s_epoch.csv_0.2_AF7,1.6048879589655495e-74,AF7,0.9641496520265178
merged_corr_df_4s_epoch.csv_0.2_AF8,1.7030100721960514e-73,AF8,0.6612444963969316
merged_corr_df_4s_epoch.csv_0.2_TP9,1.8542737302679984e-74,TP9,0.5518679673097928
merged_corr_df_4s_epoch.csv_0.2_TP10,7.000605055945844e-75,TP10,0.6532027543974173
merged_corr_df_4s_epoch.csv_0.30000000000000004_AF7,3.064589236750633e-76,AF7,0.7030866753242674
merged_corr_df_4s_epoch.csv_0.30000000000000004_AF8,1.5248578979982497e-74,AF8,0.6083165124918265
merged_corr_df_4s_epoch.csv_0.30000000000000004_TP9,1.922794502326517e-76,TP9,0.2285996806858147
merged_corr_df_4s_epoch.csv_0.30000000000000004_TP10,1.4582542505601714e-76,TP10,0.3144286716893754
merged_corr_df_4s_epoch.csv_0.4_AF7,3.064589236750633e-76,AF7,0.7030866753242674
merged_corr_df_4s_epoch.csv_0.4_AF8,1.5248578979982497e-74,AF8,0.6083165124918265
merged_corr_df_4s_epoch.csv_0.4_TP9,1.922794502326517e-76,TP9,0.2285996806858147
merged_corr_df_4s_epoch.csv_0.4_TP10,1.4582542505601714e-76,TP10,0.3144286716893754
merged_corr_df_4s_epoch.csv_0.5_AF7,3.064589236750633e-76,AF7,0.7030866753242674
merged_corr_df_4s_epoch.csv_0.5_AF8,1.5248578979982497e-74,AF8,0.6083165124918265
merged_corr_df_4s_epoch.csv_0.5_TP9,1.922794502326517e-76,TP9,0.2285996806858147
merged_corr_df_4s_epoch.csv_0.5_TP10,1.4582542505601714e-76,TP10,0.3144286716893754
merged_corr_df_4s_epoch.csv_0.6000000000000001_AF7,3.064589236750633e-76,AF7,0.7030866753242674
merged_corr_df_4s_epoch.csv_0.6000000000000001_AF8,1.5248578979982497e-74,AF8,0.6083165124918265
merged_corr_df_4s_epoch.csv_0.6000000000000001_TP9,1.922794502326517e-76,TP9,0.2285996806858147
merged_corr_df_4s_epoch.csv_0.6000000000000001_TP10,1.4582542505601714e-76,TP10,0.3144286716893754
merged_corr_df_4s_epoch.csv_0.7000000000000001_AF7,3.064589236750633e-76,AF7,0.7030866753242674
merged_corr_df_4s_epoch.csv_0.7000000000000001_AF8,1.5248578979982497e-74,AF8,0.6083165124918265
merged_corr_df_4s_epoch.csv_0.7000000000000001_TP9,1.922794502326517e-76,TP9,0.2285996806858147
merged_corr_df_4s_epoch.csv_0.7000000000000001_TP10,1.4582542505601714e-76,TP10,0.3144286716893754
merged_corr_df_4s_epoch.csv_0.8_AF7,6.3706082517266874e-77,AF7,0.48955031196126697
merged_corr_df_4s_epoch.csv_0.8_AF8,1.603774252812233e-74,AF8,0.4892381938554847
merged_corr_df_4s_epoch.csv_0.8_TP9,2.4195432839210615e-76,TP9,0.2249970482339786
merged_corr_df_4s_epoch.csv_0.8_TP10,1.623110838058028e-76,TP10,0.2846031566443429
merged_corr_df_4s_epoch.csv_0.9_AF7,6.3706082517266874e-77,AF7,0.48955031196126697
merged_corr_df_4s_epoch.csv_0.9_AF8,1.603774252812233e-74,AF8,0.4892381938554847
merged_corr_df_4s_epoch.csv_0.9_TP9,2.4195432839210615e-76,TP9,0.2249970482339786
merged_corr_df_4s_epoch.csv_0.9_TP10,1.623110838058028e-76,TP10,0.2846031566443429
merged_corr_df_4s_epoch.csv_1.0_AF7,6.3706082517266874e-77,AF7,0.48955031196126697
merged_corr_df_4s_epoch.csv_1.0_AF8,1.603774252812233e-74,AF8,0.4892381938554847
merged_corr_df_4s_epoch.csv_1.0_TP9,2.4195432839210615e-76,TP9,0.2249970482339786
merged_corr_df_4s_epoch.csv_1.0_TP10,1.623110838058028e-76,TP10,0.2846031566443429
