,Intercept,Electrode,Estimate
merged_corr_df_.5s_epoch.csv_0.1_AF7,6.029717393211837,AF7,-0.930523279792746
merged_corr_df_.5s_epoch.csv_0.1_AF8,6.012453642588048,AF8,-7.47913882759424
merged_corr_df_.5s_epoch.csv_0.1_TP9,6.067900084102113,TP9,-8.124809296355647
merged_corr_df_.5s_epoch.csv_0.1_TP10,6.043231304587012,TP10,-5.528903943649341
merged_corr_df_.5s_epoch.csv_0.2_AF7,5.831747263285061,AF7,-1.0138313297023078
merged_corr_df_.5s_epoch.csv_0.2_AF8,5.833164274079309,AF8,0.970296383762477
merged_corr_df_.5s_epoch.csv_0.2_TP9,5.838336766517782,TP9,0.11086435868038198
merged_corr_df_.5s_epoch.csv_0.2_TP10,5.835664133357785,TP10,-9.255982228103948
merged_corr_df_.5s_epoch.csv_0.30000000000000004_AF7,5.806400038596451,AF7,-1.6288811049039087
merged_corr_df_.5s_epoch.csv_0.30000000000000004_AF8,5.814656020068721,AF8,-0.23917033293678122
merged_corr_df_.5s_epoch.csv_0.30000000000000004_TP9,5.836892100902824,TP9,-4.77965565761846
merged_corr_df_.5s_epoch.csv_0.30000000000000004_TP10,5.858481154428657,TP10,-9.813093988286843
merged_corr_df_.5s_epoch.csv_0.4_AF7,5.838171063786845,AF7,-2.6536326895984534
merged_corr_df_.5s_epoch.csv_0.4_AF8,5.858495847700465,AF8,0.6224225464588795
merged_corr_df_.5s_epoch.csv_0.4_TP9,5.890440529116944,TP9,-6.227755652565949
merged_corr_df_.5s_epoch.csv_0.4_TP10,5.916434474381003,TP10,-10.298834964731007
merged_corr_df_.5s_epoch.csv_0.5_AF7,5.828576044491277,AF7,-2.577300117631229
merged_corr_df_.5s_epoch.csv_0.5_AF8,5.862808772063902,AF8,-0.4411616934442814
merged_corr_df_.5s_epoch.csv_0.5_TP9,5.868031425517097,TP9,-4.235806947709048
merged_corr_df_.5s_epoch.csv_0.5_TP10,5.913480006255756,TP10,-10.549626078474915
merged_corr_df_.5s_epoch.csv_0.6000000000000001_AF7,5.8109902474523025,AF7,-2.9444225970772773
merged_corr_df_.5s_epoch.csv_0.6000000000000001_AF8,5.867714539162478,AF8,-1.6466011063689052
merged_corr_df_.5s_epoch.csv_0.6000000000000001_TP9,5.853087527674827,TP9,-4.433137309128168
merged_corr_df_.5s_epoch.csv_0.6000000000000001_TP10,5.881347087913919,TP10,-8.887442592253146
merged_corr_df_.5s_epoch.csv_0.7000000000000001_AF7,5.8109902474523025,AF7,-2.9444225970772773
merged_corr_df_.5s_epoch.csv_0.7000000000000001_AF8,5.867714539162478,AF8,-1.6466011063689052
merged_corr_df_.5s_epoch.csv_0.7000000000000001_TP9,5.853087527674827,TP9,-4.433137309128168
merged_corr_df_.5s_epoch.csv_0.7000000000000001_TP10,5.881347087913919,TP10,-8.887442592253146
merged_corr_df_.5s_epoch.csv_0.8_AF7,5.8109902474523025,AF7,-2.9444225970772773
merged_corr_df_.5s_epoch.csv_0.8_AF8,5.867714539162478,AF8,-1.6466011063689052
merged_corr_df_.5s_epoch.csv_0.8_TP9,5.853087527674827,TP9,-4.433137309128168
merged_corr_df_.5s_epoch.csv_0.8_TP10,5.881347087913919,TP10,-8.887442592253146
merged_corr_df_.5s_epoch.csv_0.9_AF7,5.8109902474523025,AF7,-2.9444225970772773
merged_corr_df_.5s_epoch.csv_0.9_AF8,5.867714539162478,AF8,-1.6466011063689052
merged_corr_df_.5s_epoch.csv_0.9_TP9,5.853087527674827,TP9,-4.433137309128168
merged_corr_df_.5s_epoch.csv_0.9_TP10,5.881347087913919,TP10,-8.887442592253146
merged_corr_df_.5s_epoch.csv_1.0_AF7,5.8109902474523025,AF7,-2.9444225970772773
merged_corr_df_.5s_epoch.csv_1.0_AF8,5.867714539162478,AF8,-1.6466011063689052
merged_corr_df_.5s_epoch.csv_1.0_TP9,5.853087527674827,TP9,-4.433137309128168
merged_corr_df_.5s_epoch.csv_1.0_TP10,5.881347087913919,TP10,-8.887442592253146
merged_corr_df_1s_epoch.csv_0.1_AF7,5.917934218181585,AF7,0.24654789892687184
merged_corr_df_1s_epoch.csv_0.1_AF8,5.940449007534103,AF8,-9.720250271592333
merged_corr_df_1s_epoch.csv_0.1_TP9,5.935129847307835,TP9,7.409037306421647
merged_corr_df_1s_epoch.csv_0.1_TP10,5.925029179517403,TP10,-6.547179847332095
merged_corr_df_1s_epoch.csv_0.2_AF7,5.8890238838469955,AF7,5.521031555890002
merged_corr_df_1s_epoch.csv_0.2_AF8,5.876321240656504,AF8,-0.5806966259475441
merged_corr_df_1s_epoch.csv_0.2_TP9,5.876118596865677,TP9,-0.49134147410540113
merged_corr_df_1s_epoch.csv_0.2_TP10,5.846439597827057,TP10,-5.540252769562474
merged_corr_df_1s_epoch.csv_0.30000000000000004_AF7,5.892088719775245,AF7,5.665624378448259
merged_corr_df_1s_epoch.csv_0.30000000000000004_AF8,5.878801559027915,AF8,-1.18114513049683
merged_corr_df_1s_epoch.csv_0.30000000000000004_TP9,5.8802569163963865,TP9,-0.6674605217668008
merged_corr_df_1s_epoch.csv_0.30000000000000004_TP10,5.882244877791773,TP10,0.6584464670601841
merged_corr_df_1s_epoch.csv_0.4_AF7,5.894039124749576,AF7,5.505026241819124
merged_corr_df_1s_epoch.csv_0.4_AF8,5.866473741510247,AF8,-0.5935042970895276
merged_corr_df_1s_epoch.csv_0.4_TP9,5.869647657510108,TP9,-1.210952658654003
merged_corr_df_1s_epoch.csv_0.4_TP10,5.867635202472314,TP10,0.36785180708452864
merged_corr_df_1s_epoch.csv_0.5_AF7,5.892209549038193,AF7,5.723686836467406
merged_corr_df_1s_epoch.csv_0.5_AF8,5.850938287481706,AF8,1.133892105782347
merged_corr_df_1s_epoch.csv_0.5_TP9,5.848767134529072,TP9,1.7957721903467578
merged_corr_df_1s_epoch.csv_0.5_TP10,5.864657910908705,TP10,1.9778141858071718
merged_corr_df_1s_epoch.csv_0.6000000000000001_AF7,5.892209549038193,AF7,5.723686836467406
merged_corr_df_1s_epoch.csv_0.6000000000000001_AF8,5.850938287481706,AF8,1.133892105782347
merged_corr_df_1s_epoch.csv_0.6000000000000001_TP9,5.848767134529072,TP9,1.7957721903467578
merged_corr_df_1s_epoch.csv_0.6000000000000001_TP10,5.864657910908705,TP10,1.9778141858071718
merged_corr_df_1s_epoch.csv_0.7000000000000001_AF7,5.892209549038193,AF7,5.723686836467406
merged_corr_df_1s_epoch.csv_0.7000000000000001_AF8,5.850938287481706,AF8,1.133892105782347
merged_corr_df_1s_epoch.csv_0.7000000000000001_TP9,5.848767134529072,TP9,1.7957721903467578
merged_corr_df_1s_epoch.csv_0.7000000000000001_TP10,5.864657910908705,TP10,1.9778141858071718
merged_corr_df_1s_epoch.csv_0.8_AF7,5.892209549038193,AF7,5.723686836467406
merged_corr_df_1s_epoch.csv_0.8_AF8,5.850938287481706,AF8,1.133892105782347
merged_corr_df_1s_epoch.csv_0.8_TP9,5.848767134529072,TP9,1.7957721903467578
merged_corr_df_1s_epoch.csv_0.8_TP10,5.864657910908705,TP10,1.9778141858071718
merged_corr_df_1s_epoch.csv_0.9_AF7,5.892209549038193,AF7,5.723686836467406
merged_corr_df_1s_epoch.csv_0.9_AF8,5.850938287481706,AF8,1.133892105782347
merged_corr_df_1s_epoch.csv_0.9_TP9,5.848767134529072,TP9,1.7957721903467578
merged_corr_df_1s_epoch.csv_0.9_TP10,5.864657910908705,TP10,1.9778141858071718
merged_corr_df_1s_epoch.csv_1.0_AF7,5.892209549038193,AF7,5.723686836467406
merged_corr_df_1s_epoch.csv_1.0_AF8,5.850938287481706,AF8,1.133892105782347
merged_corr_df_1s_epoch.csv_1.0_TP9,5.848767134529072,TP9,1.7957721903467578
merged_corr_df_1s_epoch.csv_1.0_TP10,5.864657910908705,TP10,1.9778141858071718
merged_corr_df_1.5s_epoch.csv_0.1_AF7,5.944742969950107,AF7,4.367178786550065
merged_corr_df_1.5s_epoch.csv_0.1_AF8,5.975509671752201,AF8,6.389787638602812
merged_corr_df_1.5s_epoch.csv_0.1_TP9,5.955917722674108,TP9,3.920808806265874
merged_corr_df_1.5s_epoch.csv_0.1_TP10,5.960148129870238,TP10,-1.7206439576496717
merged_corr_df_1.5s_epoch.csv_0.2_AF7,5.749012815875839,AF7,5.984109644710611
merged_corr_df_1.5s_epoch.csv_0.2_AF8,5.728895335255898,AF8,-0.7185617095590469
merged_corr_df_1.5s_epoch.csv_0.2_TP9,5.716813313531268,TP9,3.4583091015508964
merged_corr_df_1.5s_epoch.csv_0.2_TP10,5.725726308999125,TP10,-0.8819119814739748
merged_corr_df_1.5s_epoch.csv_0.30000000000000004_AF7,5.8493686693991584,AF7,3.8123647396897558
merged_corr_df_1.5s_epoch.csv_0.30000000000000004_AF8,5.828393069306986,AF8,0.2731403727164007
merged_corr_df_1.5s_epoch.csv_0.30000000000000004_TP9,5.825132895248706,TP9,1.410321966788532
merged_corr_df_1.5s_epoch.csv_0.30000000000000004_TP10,5.82409904985508,TP10,-1.9517361435158904
merged_corr_df_1.5s_epoch.csv_0.4_AF7,5.849752818776011,AF7,1.2815351282889131
merged_corr_df_1.5s_epoch.csv_0.4_AF8,5.835257487888746,AF8,1.4354032354528088
merged_corr_df_1.5s_epoch.csv_0.4_TP9,5.837744039019053,TP9,2.3673819788900468
merged_corr_df_1.5s_epoch.csv_0.4_TP10,5.844058743837172,TP10,-0.46695754443591114
merged_corr_df_1.5s_epoch.csv_0.5_AF7,5.829776597736737,AF7,0.79789986201182
merged_corr_df_1.5s_epoch.csv_0.5_AF8,5.820627230746683,AF8,1.1961989832627364
merged_corr_df_1.5s_epoch.csv_0.5_TP9,5.821050243324168,TP9,2.616201320625499
merged_corr_df_1.5s_epoch.csv_0.5_TP10,5.831128788191846,TP10,0.8097127062647204
merged_corr_df_1.5s_epoch.csv_0.6000000000000001_AF7,5.829776597736737,AF7,0.79789986201182
merged_corr_df_1.5s_epoch.csv_0.6000000000000001_AF8,5.820627230746683,AF8,1.1961989832627364
merged_corr_df_1.5s_epoch.csv_0.6000000000000001_TP9,5.821050243324168,TP9,2.616201320625499
merged_corr_df_1.5s_epoch.csv_0.6000000000000001_TP10,5.831128788191846,TP10,0.8097127062647204
merged_corr_df_1.5s_epoch.csv_0.7000000000000001_AF7,5.829776597736737,AF7,0.79789986201182
merged_corr_df_1.5s_epoch.csv_0.7000000000000001_AF8,5.820627230746683,AF8,1.1961989832627364
merged_corr_df_1.5s_epoch.csv_0.7000000000000001_TP9,5.821050243324168,TP9,2.616201320625499
merged_corr_df_1.5s_epoch.csv_0.7000000000000001_TP10,5.831128788191846,TP10,0.8097127062647204
merged_corr_df_1.5s_epoch.csv_0.8_AF7,5.829776597736737,AF7,0.79789986201182
merged_corr_df_1.5s_epoch.csv_0.8_AF8,5.820627230746683,AF8,1.1961989832627364
merged_corr_df_1.5s_epoch.csv_0.8_TP9,5.821050243324168,TP9,2.616201320625499
merged_corr_df_1.5s_epoch.csv_0.8_TP10,5.831128788191846,TP10,0.8097127062647204
merged_corr_df_1.5s_epoch.csv_0.9_AF7,5.829776597736737,AF7,0.79789986201182
merged_corr_df_1.5s_epoch.csv_0.9_AF8,5.820627230746683,AF8,1.1961989832627364
merged_corr_df_1.5s_epoch.csv_0.9_TP9,5.821050243324168,TP9,2.616201320625499
merged_corr_df_1.5s_epoch.csv_0.9_TP10,5.831128788191846,TP10,0.8097127062647204
merged_corr_df_1.5s_epoch.csv_1.0_AF7,5.829776597736737,AF7,0.79789986201182
merged_corr_df_1.5s_epoch.csv_1.0_AF8,5.820627230746683,AF8,1.1961989832627364
merged_corr_df_1.5s_epoch.csv_1.0_TP9,5.821050243324168,TP9,2.616201320625499
merged_corr_df_1.5s_epoch.csv_1.0_TP10,5.831128788191846,TP10,0.8097127062647204
merged_corr_df_2s_epoch.csv_0.1_AF7,5.994176198931758,AF7,-0.702437936052274
merged_corr_df_2s_epoch.csv_0.1_AF8,5.992309750767884,AF8,-0.3031505292350441
merged_corr_df_2s_epoch.csv_0.1_TP9,5.992581328963033,TP9,-0.5534624318330567
merged_corr_df_2s_epoch.csv_0.1_TP10,5.99190657725356,TP10,0.3983064135092007
merged_corr_df_2s_epoch.csv_0.2_AF7,5.953415084134146,AF7,2.0636003976876807
merged_corr_df_2s_epoch.csv_0.2_AF8,5.929814922676555,AF8,3.876329061686042
merged_corr_df_2s_epoch.csv_0.2_TP9,5.946377138280676,TP9,1.3605052483013407
merged_corr_df_2s_epoch.csv_0.2_TP10,6.000196692646292,TP10,8.676237512547909
merged_corr_df_2s_epoch.csv_0.30000000000000004_AF7,5.887009999545096,AF7,2.0423638336912697
merged_corr_df_2s_epoch.csv_0.30000000000000004_AF8,5.866564065916134,AF8,2.91579446712217
merged_corr_df_2s_epoch.csv_0.30000000000000004_TP9,5.86421403256851,TP9,3.3082723413816395
merged_corr_df_2s_epoch.csv_0.30000000000000004_TP10,5.905672703185011,TP10,5.603782059310982
merged_corr_df_2s_epoch.csv_0.4_AF7,5.891682707384196,AF7,2.2134445823190747
merged_corr_df_2s_epoch.csv_0.4_AF8,5.87028084038189,AF8,2.9771564749323765
merged_corr_df_2s_epoch.csv_0.4_TP9,5.8660405644593485,TP9,3.654499593117178
merged_corr_df_2s_epoch.csv_0.4_TP10,5.895688190010608,TP10,3.0060268113722772
merged_corr_df_2s_epoch.csv_0.5_AF7,5.8637337076298275,AF7,1.3438503503292638
merged_corr_df_2s_epoch.csv_0.5_AF8,5.854426244408444,AF8,2.973762853853812
merged_corr_df_2s_epoch.csv_0.5_TP9,5.851374080374256,TP9,3.8621496672629707
merged_corr_df_2s_epoch.csv_0.5_TP10,5.883547872489989,TP10,3.2192556201514395
merged_corr_df_2s_epoch.csv_0.6000000000000001_AF7,5.8637337076298275,AF7,1.3438503503292638
merged_corr_df_2s_epoch.csv_0.6000000000000001_AF8,5.854426244408444,AF8,2.973762853853812
merged_corr_df_2s_epoch.csv_0.6000000000000001_TP9,5.851374080374256,TP9,3.8621496672629707
merged_corr_df_2s_epoch.csv_0.6000000000000001_TP10,5.883547872489989,TP10,3.2192556201514395
merged_corr_df_2s_epoch.csv_0.7000000000000001_AF7,5.8637337076298275,AF7,1.3438503503292638
merged_corr_df_2s_epoch.csv_0.7000000000000001_AF8,5.854426244408444,AF8,2.973762853853812
merged_corr_df_2s_epoch.csv_0.7000000000000001_TP9,5.851374080374256,TP9,3.8621496672629707
merged_corr_df_2s_epoch.csv_0.7000000000000001_TP10,5.883547872489989,TP10,3.2192556201514395
merged_corr_df_2s_epoch.csv_0.8_AF7,5.8637337076298275,AF7,1.3438503503292638
merged_corr_df_2s_epoch.csv_0.8_AF8,5.854426244408444,AF8,2.973762853853812
merged_corr_df_2s_epoch.csv_0.8_TP9,5.851374080374256,TP9,3.8621496672629707
merged_corr_df_2s_epoch.csv_0.8_TP10,5.883547872489989,TP10,3.2192556201514395
merged_corr_df_2s_epoch.csv_0.9_AF7,5.8637337076298275,AF7,1.3438503503292638
merged_corr_df_2s_epoch.csv_0.9_AF8,5.854426244408444,AF8,2.973762853853812
merged_corr_df_2s_epoch.csv_0.9_TP9,5.851374080374256,TP9,3.8621496672629707
merged_corr_df_2s_epoch.csv_0.9_TP10,5.883547872489989,TP10,3.2192556201514395
merged_corr_df_2s_epoch.csv_1.0_AF7,5.8637337076298275,AF7,1.3438503503292638
merged_corr_df_2s_epoch.csv_1.0_AF8,5.854426244408444,AF8,2.973762853853812
merged_corr_df_2s_epoch.csv_1.0_TP9,5.851374080374256,TP9,3.8621496672629707
merged_corr_df_2s_epoch.csv_1.0_TP10,5.883547872489989,TP10,3.2192556201514395
merged_corr_df_2.5s_epoch.csv_0.1_AF7,5.620309530973247,AF7,3.037886460354151
merged_corr_df_2.5s_epoch.csv_0.1_AF8,5.615168318604936,AF8,-2.0275926739732726
merged_corr_df_2.5s_epoch.csv_0.1_TP9,5.607756886947171,TP9,1.3999387205674885
merged_corr_df_2.5s_epoch.csv_0.1_TP10,5.629090580063043,TP10,-10.727602213131622
merged_corr_df_2.5s_epoch.csv_0.2_AF7,5.837740084525073,AF7,2.9259878530115477
merged_corr_df_2.5s_epoch.csv_0.2_AF8,5.8439190595875985,AF8,-0.15275749649874396
merged_corr_df_2.5s_epoch.csv_0.2_TP9,5.833674056970719,TP9,7.076087059613252
merged_corr_df_2.5s_epoch.csv_0.2_TP10,5.844378385402396,TP10,-6.48580664795633
merged_corr_df_2.5s_epoch.csv_0.30000000000000004_AF7,5.834838944766014,AF7,0.4587984259400762
merged_corr_df_2.5s_epoch.csv_0.30000000000000004_AF8,5.844408761036198,AF8,-1.6963270864836242
merged_corr_df_2.5s_epoch.csv_0.30000000000000004_TP9,5.817666293145881,TP9,7.460456685858638
merged_corr_df_2.5s_epoch.csv_0.30000000000000004_TP10,5.837424009927599,TP10,0.3007362083554474
merged_corr_df_2.5s_epoch.csv_0.4_AF7,5.792141154858589,AF7,1.4838711963882227
merged_corr_df_2.5s_epoch.csv_0.4_AF8,5.798870629071468,AF8,0.17237896675973283
merged_corr_df_2.5s_epoch.csv_0.4_TP9,5.778410914512567,TP9,7.1891955017700635
merged_corr_df_2.5s_epoch.csv_0.4_TP10,5.800039075132393,TP10,0.3943327662937759
merged_corr_df_2.5s_epoch.csv_0.5_AF7,5.840535258290007,AF7,1.043525209036378
merged_corr_df_2.5s_epoch.csv_0.5_AF8,5.823108587053513,AF8,2.0038472752742447
merged_corr_df_2.5s_epoch.csv_0.5_TP9,5.836651200364749,TP9,5.434573098141073
merged_corr_df_2.5s_epoch.csv_0.5_TP10,5.8417342519318165,TP10,-2.1452997818832564
merged_corr_df_2.5s_epoch.csv_0.6000000000000001_AF7,5.843134259258757,AF7,1.0281721775723347
merged_corr_df_2.5s_epoch.csv_0.6000000000000001_AF8,5.8255689233697465,AF8,1.5859840552084303
merged_corr_df_2.5s_epoch.csv_0.6000000000000001_TP9,5.844850174405643,TP9,4.6886789850778055
merged_corr_df_2.5s_epoch.csv_0.6000000000000001_TP10,5.8440515529054,TP10,-2.101170017434599
merged_corr_df_2.5s_epoch.csv_0.7000000000000001_AF7,5.843134259258757,AF7,1.0281721775723347
merged_corr_df_2.5s_epoch.csv_0.7000000000000001_AF8,5.8255689233697465,AF8,1.5859840552084303
merged_corr_df_2.5s_epoch.csv_0.7000000000000001_TP9,5.844850174405643,TP9,4.6886789850778055
merged_corr_df_2.5s_epoch.csv_0.7000000000000001_TP10,5.8440515529054,TP10,-2.101170017434599
merged_corr_df_2.5s_epoch.csv_0.8_AF7,5.843134259258757,AF7,1.0281721775723347
merged_corr_df_2.5s_epoch.csv_0.8_AF8,5.8255689233697465,AF8,1.5859840552084303
merged_corr_df_2.5s_epoch.csv_0.8_TP9,5.844850174405643,TP9,4.6886789850778055
merged_corr_df_2.5s_epoch.csv_0.8_TP10,5.8440515529054,TP10,-2.101170017434599
merged_corr_df_2.5s_epoch.csv_0.9_AF7,5.843134259258757,AF7,1.0281721775723347
merged_corr_df_2.5s_epoch.csv_0.9_AF8,5.8255689233697465,AF8,1.5859840552084303
merged_corr_df_2.5s_epoch.csv_0.9_TP9,5.844850174405643,TP9,4.6886789850778055
merged_corr_df_2.5s_epoch.csv_0.9_TP10,5.8440515529054,TP10,-2.101170017434599
merged_corr_df_2.5s_epoch.csv_1.0_AF7,5.843134259258757,AF7,1.0281721775723347
merged_corr_df_2.5s_epoch.csv_1.0_AF8,5.8255689233697465,AF8,1.5859840552084303
merged_corr_df_2.5s_epoch.csv_1.0_TP9,5.844850174405643,TP9,4.6886789850778055
merged_corr_df_2.5s_epoch.csv_1.0_TP10,5.8440515529054,TP10,-2.101170017434599
merged_corr_df_3s_epoch.csv_0.1_AF7,5.783638546724154,AF7,0.08823303148408514
merged_corr_df_3s_epoch.csv_0.1_AF8,5.751754991106182,AF8,6.500074034241838
merged_corr_df_3s_epoch.csv_0.1_TP9,5.77154073395869,TP9,8.750085319910688
merged_corr_df_3s_epoch.csv_0.1_TP10,5.7850959581632875,TP10,3.868205346647385
merged_corr_df_3s_epoch.csv_0.2_AF7,5.778931525823926,AF7,0.24195736091502912
merged_corr_df_3s_epoch.csv_0.2_AF8,5.784565754213031,AF8,-1.4588726355705806
merged_corr_df_3s_epoch.csv_0.2_TP9,5.7628782232346305,TP9,5.115537396529657
merged_corr_df_3s_epoch.csv_0.2_TP10,5.775496527757619,TP10,2.2018830656301995
merged_corr_df_3s_epoch.csv_0.30000000000000004_AF7,5.869527828942179,AF7,2.8531924167579996
merged_corr_df_3s_epoch.csv_0.30000000000000004_AF8,5.8876062419672035,AF8,-1.2622114537739644
merged_corr_df_3s_epoch.csv_0.30000000000000004_TP9,5.866062881171659,TP9,5.624397185565529
merged_corr_df_3s_epoch.csv_0.30000000000000004_TP10,5.883130560678557,TP10,1.2442458064403596
merged_corr_df_3s_epoch.csv_0.4_AF7,5.869527828942179,AF7,2.8531924167579996
merged_corr_df_3s_epoch.csv_0.4_AF8,5.8876062419672035,AF8,-1.2622114537739644
merged_corr_df_3s_epoch.csv_0.4_TP9,5.866062881171659,TP9,5.624397185565529
merged_corr_df_3s_epoch.csv_0.4_TP10,5.883130560678557,TP10,1.2442458064403596
merged_corr_df_3s_epoch.csv_0.5_AF7,5.869527828942179,AF7,2.8531924167579996
merged_corr_df_3s_epoch.csv_0.5_AF8,5.8876062419672035,AF8,-1.2622114537739644
merged_corr_df_3s_epoch.csv_0.5_TP9,5.866062881171659,TP9,5.624397185565529
merged_corr_df_3s_epoch.csv_0.5_TP10,5.883130560678557,TP10,1.2442458064403596
merged_corr_df_3s_epoch.csv_0.6000000000000001_AF7,5.869527828942179,AF7,2.8531924167579996
merged_corr_df_3s_epoch.csv_0.6000000000000001_AF8,5.8876062419672035,AF8,-1.2622114537739644
merged_corr_df_3s_epoch.csv_0.6000000000000001_TP9,5.866062881171659,TP9,5.624397185565529
merged_corr_df_3s_epoch.csv_0.6000000000000001_TP10,5.883130560678557,TP10,1.2442458064403596
merged_corr_df_3s_epoch.csv_0.7000000000000001_AF7,5.869527828942179,AF7,2.8531924167579996
merged_corr_df_3s_epoch.csv_0.7000000000000001_AF8,5.8876062419672035,AF8,-1.2622114537739644
merged_corr_df_3s_epoch.csv_0.7000000000000001_TP9,5.866062881171659,TP9,5.624397185565529
merged_corr_df_3s_epoch.csv_0.7000000000000001_TP10,5.883130560678557,TP10,1.2442458064403596
merged_corr_df_3s_epoch.csv_0.8_AF7,5.869527828942179,AF7,2.8531924167579996
merged_corr_df_3s_epoch.csv_0.8_AF8,5.8876062419672035,AF8,-1.2622114537739644
merged_corr_df_3s_epoch.csv_0.8_TP9,5.866062881171659,TP9,5.624397185565529
merged_corr_df_3s_epoch.csv_0.8_TP10,5.883130560678557,TP10,1.2442458064403596
merged_corr_df_3s_epoch.csv_0.9_AF7,5.869527828942179,AF7,2.8531924167579996
merged_corr_df_3s_epoch.csv_0.9_AF8,5.8876062419672035,AF8,-1.2622114537739644
merged_corr_df_3s_epoch.csv_0.9_TP9,5.866062881171659,TP9,5.624397185565529
merged_corr_df_3s_epoch.csv_0.9_TP10,5.883130560678557,TP10,1.2442458064403596
merged_corr_df_3s_epoch.csv_1.0_AF7,5.869527828942179,AF7,2.8531924167579996
merged_corr_df_3s_epoch.csv_1.0_AF8,5.8876062419672035,AF8,-1.2622114537739644
merged_corr_df_3s_epoch.csv_1.0_TP9,5.866062881171659,TP9,5.624397185565529
merged_corr_df_3s_epoch.csv_1.0_TP10,5.883130560678557,TP10,1.2442458064403596
merged_corr_df_3.5s_epoch.csv_0.1_AF7,5.9624736889653915,AF7,3.0130650352926636
merged_corr_df_3.5s_epoch.csv_0.1_AF8,5.945458235381667,AF8,7.569292321832373
merged_corr_df_3.5s_epoch.csv_0.1_TP9,5.953630089298254,TP9,-7.200920459211967
merged_corr_df_3.5s_epoch.csv_0.1_TP10,5.9657397372714716,TP10,-4.668962525034062
merged_corr_df_3.5s_epoch.csv_0.2_AF7,5.903901245310958,AF7,1.878927307365513
merged_corr_df_3.5s_epoch.csv_0.2_AF8,5.854758411546895,AF8,7.4485418166209625
merged_corr_df_3.5s_epoch.csv_0.2_TP9,5.917207555461849,TP9,-6.589550310001272
merged_corr_df_3.5s_epoch.csv_0.2_TP10,5.893236839620115,TP10,2.303783212584393
merged_corr_df_3.5s_epoch.csv_0.30000000000000004_AF7,5.881755641987614,AF7,0.49854636397550267
merged_corr_df_3.5s_epoch.csv_0.30000000000000004_AF8,5.835194226339776,AF8,6.046767532810197
merged_corr_df_3.5s_epoch.csv_0.30000000000000004_TP9,5.9021111550939525,TP9,-7.48977259682514
merged_corr_df_3.5s_epoch.csv_0.30000000000000004_TP10,5.861753971525325,TP10,3.4001115462278646
merged_corr_df_3.5s_epoch.csv_0.4_AF7,5.875006451610731,AF7,0.9463192966256804
merged_corr_df_3.5s_epoch.csv_0.4_AF8,5.844024566554554,AF8,5.6858307163777795
merged_corr_df_3.5s_epoch.csv_0.4_TP9,5.873092094063083,TP9,-3.72278607806022
merged_corr_df_3.5s_epoch.csv_0.4_TP10,5.856923018833798,TP10,3.534040848415958
merged_corr_df_3.5s_epoch.csv_0.5_AF7,5.875006451610731,AF7,0.9463192966256804
merged_corr_df_3.5s_epoch.csv_0.5_AF8,5.844024566554554,AF8,5.6858307163777795
merged_corr_df_3.5s_epoch.csv_0.5_TP9,5.873092094063083,TP9,-3.72278607806022
merged_corr_df_3.5s_epoch.csv_0.5_TP10,5.856923018833798,TP10,3.534040848415958
merged_corr_df_3.5s_epoch.csv_0.6000000000000001_AF7,5.875006451610731,AF7,0.9463192966256804
merged_corr_df_3.5s_epoch.csv_0.6000000000000001_AF8,5.844024566554554,AF8,5.6858307163777795
merged_corr_df_3.5s_epoch.csv_0.6000000000000001_TP9,5.873092094063083,TP9,-3.72278607806022
merged_corr_df_3.5s_epoch.csv_0.6000000000000001_TP10,5.856923018833798,TP10,3.534040848415958
merged_corr_df_3.5s_epoch.csv_0.7000000000000001_AF7,5.875006451610731,AF7,0.9463192966256804
merged_corr_df_3.5s_epoch.csv_0.7000000000000001_AF8,5.844024566554554,AF8,5.6858307163777795
merged_corr_df_3.5s_epoch.csv_0.7000000000000001_TP9,5.873092094063083,TP9,-3.72278607806022
merged_corr_df_3.5s_epoch.csv_0.7000000000000001_TP10,5.856923018833798,TP10,3.534040848415958
merged_corr_df_3.5s_epoch.csv_0.8_AF7,5.875006451610731,AF7,0.9463192966256804
merged_corr_df_3.5s_epoch.csv_0.8_AF8,5.844024566554554,AF8,5.6858307163777795
merged_corr_df_3.5s_epoch.csv_0.8_TP9,5.873092094063083,TP9,-3.72278607806022
merged_corr_df_3.5s_epoch.csv_0.8_TP10,5.856923018833798,TP10,3.534040848415958
merged_corr_df_3.5s_epoch.csv_0.9_AF7,5.875006451610731,AF7,0.9463192966256804
merged_corr_df_3.5s_epoch.csv_0.9_AF8,5.844024566554554,AF8,5.6858307163777795
merged_corr_df_3.5s_epoch.csv_0.9_TP9,5.873092094063083,TP9,-3.72278607806022
merged_corr_df_3.5s_epoch.csv_0.9_TP10,5.856923018833798,TP10,3.534040848415958
merged_corr_df_3.5s_epoch.csv_1.0_AF7,5.875006451610731,AF7,0.9463192966256804
merged_corr_df_3.5s_epoch.csv_1.0_AF8,5.844024566554554,AF8,5.6858307163777795
merged_corr_df_3.5s_epoch.csv_1.0_TP9,5.873092094063083,TP9,-3.72278607806022
merged_corr_df_3.5s_epoch.csv_1.0_TP10,5.856923018833798,TP10,3.534040848415958
merged_corr_df_4s_epoch.csv_0.1_AF7,5.950102420412881,AF7,0.18056314150280187
merged_corr_df_4s_epoch.csv_0.1_AF8,5.9408982155681205,AF8,2.778841468079564
merged_corr_df_4s_epoch.csv_0.1_TP9,5.97774716743221,TP9,-5.224745745469524
merged_corr_df_4s_epoch.csv_0.1_TP10,5.942362096917603,TP10,-9.438282859028883
merged_corr_df_4s_epoch.csv_0.2_AF7,5.781089076434757,AF7,0.25877248427842786
merged_corr_df_4s_epoch.csv_0.2_AF8,5.766484757499126,AF8,2.3736941245361645
merged_corr_df_4s_epoch.csv_0.2_TP9,5.800053658044475,TP9,-4.306193118409786
merged_corr_df_4s_epoch.csv_0.2_TP10,5.778583181242004,TP10,-3.724140391526467
merged_corr_df_4s_epoch.csv_0.30000000000000004_AF7,5.813938074446337,AF7,-2.157848136423932
merged_corr_df_4s_epoch.csv_0.30000000000000004_AF8,5.782578754107521,AF8,2.592305384736147
merged_corr_df_4s_epoch.csv_0.30000000000000004_TP9,5.842557951840012,TP9,-8.42861484889563
merged_corr_df_4s_epoch.csv_0.30000000000000004_TP10,5.8095670850527625,TP10,-7.452371072750597
merged_corr_df_4s_epoch.csv_0.4_AF7,5.813938074446337,AF7,-2.157848136423932
merged_corr_df_4s_epoch.csv_0.4_AF8,5.782578754107521,AF8,2.592305384736147
merged_corr_df_4s_epoch.csv_0.4_TP9,5.842557951840012,TP9,-8.42861484889563
merged_corr_df_4s_epoch.csv_0.4_TP10,5.8095670850527625,TP10,-7.452371072750597
merged_corr_df_4s_epoch.csv_0.5_AF7,5.813938074446337,AF7,-2.157848136423932
merged_corr_df_4s_epoch.csv_0.5_AF8,5.782578754107521,AF8,2.592305384736147
merged_corr_df_4s_epoch.csv_0.5_TP9,5.842557951840012,TP9,-8.42861484889563
merged_corr_df_4s_epoch.csv_0.5_TP10,5.8095670850527625,TP10,-7.452371072750597
merged_corr_df_4s_epoch.csv_0.6000000000000001_AF7,5.813938074446337,AF7,-2.157848136423932
merged_corr_df_4s_epoch.csv_0.6000000000000001_AF8,5.782578754107521,AF8,2.592305384736147
merged_corr_df_4s_epoch.csv_0.6000000000000001_TP9,5.842557951840012,TP9,-8.42861484889563
merged_corr_df_4s_epoch.csv_0.6000000000000001_TP10,5.8095670850527625,TP10,-7.452371072750597
merged_corr_df_4s_epoch.csv_0.7000000000000001_AF7,5.813938074446337,AF7,-2.157848136423932
merged_corr_df_4s_epoch.csv_0.7000000000000001_AF8,5.782578754107521,AF8,2.592305384736147
merged_corr_df_4s_epoch.csv_0.7000000000000001_TP9,5.842557951840012,TP9,-8.42861484889563
merged_corr_df_4s_epoch.csv_0.7000000000000001_TP10,5.8095670850527625,TP10,-7.452371072750597
merged_corr_df_4s_epoch.csv_0.8_AF7,5.812949925227723,AF7,-1.931362198234834
merged_corr_df_4s_epoch.csv_0.8_AF8,5.7800350408128525,AF8,3.2152553296399446
merged_corr_df_4s_epoch.csv_0.8_TP9,5.848177409639495,TP9,-8.421140928500776
merged_corr_df_4s_epoch.csv_0.8_TP10,5.814326974667352,TP10,-7.836575831091716
merged_corr_df_4s_epoch.csv_0.9_AF7,5.812949925227723,AF7,-1.931362198234834
merged_corr_df_4s_epoch.csv_0.9_AF8,5.7800350408128525,AF8,3.2152553296399446
merged_corr_df_4s_epoch.csv_0.9_TP9,5.848177409639495,TP9,-8.421140928500776
merged_corr_df_4s_epoch.csv_0.9_TP10,5.814326974667352,TP10,-7.836575831091716
merged_corr_df_4s_epoch.csv_1.0_AF7,5.812949925227723,AF7,-1.931362198234834
merged_corr_df_4s_epoch.csv_1.0_AF8,5.7800350408128525,AF8,3.2152553296399446
merged_corr_df_4s_epoch.csv_1.0_TP9,5.848177409639495,TP9,-8.421140928500776
merged_corr_df_4s_epoch.csv_1.0_TP10,5.814326974667352,TP10,-7.836575831091716
