"subj","Participant_1","Q1_participant1_ses1_affecttrust1","Q2_participant1_ses1_affecttrust2","Q3_participant1_ses1_affecttrust3","Q4_participant1_ses1_affecttrust4","Q5_participant1_ses1_affecttrust4","Q6_participant1_ses1_cognitivetrust1","Q7_participant1_ses1_cognitivetrust2","Q8_participant1_ses1_cognitivetrust3","Q9_participant1_ses1_cognitivetrust4","Q10_participant1_ses1_cognitivetrust5","Q11_participant1_ses1_cognitivetrust6","Q12_participant1_ses2_affecttrust1","Q13_participant1_ses2_affecttrust2","Q14_participant1_ses2_affecttrust3","Q15_participant1_ses2_affecttrust4","Q16_participant1_ses2_affecttrust5","Q17_participant1_ses2_cognitivetrust1","Q18_participant1_ses2_cognitivetrust2","Q19_participant1_ses2_cognitivetrust3","Q20_participant1_ses2_cognitivetrust4","Q21_participant1_ses2_cognitivetrust5","Q22_participant1_ses2_cognitivetrust6","Q23_participant1_ses3_affecttrust1","Q24_participant1_ses3_affecttrust2","Q25_participant1_ses3_affecttrust3","Q26_participant1_ses3_affecttrust4","Q27_participant1_ses3_affecttrust5","Q28_participant1_ses3_cognitivetrust1","Q29_participant1_ses3_cognitivetrust2","Q30_participant1_ses3_cognitivetrust3","Q31_participant1_ses3_cognitivetrust4","Q32_participant1_ses3_cognitivetrust5","Q33_participant1_ses3_cognitivetrust6","Q34_participant1","Q35_participant1","Q37_participant1","Q38_participant1","Q39_participant1","Q40_participant1","SC0_participant1","Participant_2","Q1_participant2_ses1_affecttrust1","Q2_participant2_ses1_affecttrust2","Q3_participant2_ses1_affecttrust3","Q4_participant2_ses1_affecttrust4","Q5_participant2_ses1_affecttrust4","Q6_participant2_ses1_cognitivetrust1","Q7_participant2_ses1_cognitivetrust2","Q8_participant2_ses1_cognitivetrust3","Q9_participant2_ses1_cognitivetrust4","Q10_participant2_ses1_cognitivetrust5","Q11_participant2_ses1_cognitivetrust6","Q12_participant2_ses2_affecttrust1","Q13_participant2_ses2_affecttrust2","Q14_participant2_ses2_affecttrust3","Q15_participant2_ses2_affecttrust4","Q16_participant2_ses2_affecttrust5","Q17_participant2_ses2_cognitivetrust1","Q18_participant2_ses2_cognitivetrust2","Q19_participant2_ses2_cognitivetrust3","Q20_participant2_ses2_cognitivetrust4","Q21_participant2_ses2_cognitivetrust5","Q22_participant2_ses2_cognitivetrust6","Q23_participant2_ses3_affecttrust1","Q24_participant2_ses3_affecttrust2","Q25_participant2_ses3_affecttrust3","Q26_participant2_ses3_affecttrust4","Q27_participant2_ses3_affecttrust5","Q28_participant2_ses3_cognitivetrust1","Q29_participant2_ses3_cognitivetrust2","Q30_participant2_ses3_cognitivetrust3","Q31_participant2_ses3_cognitivetrust4","Q32_participant2_ses3_cognitivetrust5","Q33_participant2_ses3_cognitivetrust6","Q34_participant2","Q35_participant2","Q37_participant2","Q38_participant2","Q39_participant2","Q40_participant2","SC0_participant2"
1,1,2,3,1,4,3,3,4,3,4,3,3,1,3,1,4,3,4,3,3,4,3,2,2,4,1,4,2,3,3,1,3,4,2,2,1,18,2,2,,97,2,2,1,2,3,1,5,2,4,4,3,1,3,2,4,1,4,5,4,5,3,5,1,1,2,4,1,5,5,5,5,4,5,1,2,1,20,2,2,,115
3,1,3,3,1,4,3,5,5,5,4,4,2,3,3,1,4,1,5,5,5,4,4,3,3,4,1,4,1,5,5,5,4,4,3,2,3,19,2,2,,118,2,4,2,2,2,2,3,3,4,3,3,2,3,3,2,3,3,3,4,4,4,4,3,4,4,3,4,4,4,4,4,4,4,2,2,1,21,2,2,,111
4,1,3,3,4,3,3,4,2,4,3,4,2,3,3,2,3,3,4,2,4,3,3,2,3,3,3,3,3,4,2,4,3,3,2,2,2,22,2,5,,106,2,4,4,3,3,4,4,4,3,4,5,1,2,,,,4,,,,,,4,,,,,,,,,,,,,,,,,,51
7,1,4,4,3,4,4,4,4,5,4,5,4,4,5,3,5,4,4,5,4,5,5,2,5,5,3,5,5,5,5,5,5,4,2,2,1,19,1,4,,142,2,3,3,3,3,3,4,4,2,4,4,2,2,2,4,2,2,4,2,2,4,3,3,2,2,2,2,3,4,3,2,4,3,2,2,1,19,2,2,,98
8,1,3,3,3,3,3,5,4,1,4,4,1,3,3,3,3,3,5,4,5,4,4,1,3,3,3,3,3,5,5,5,4,5,1,2,1,18,2,2,,124,2,4,3,3,4,4,5,5,5,4,4,1,3,3,3,3,3,5,5,5,5,4,1,4,3,3,4,4,5,5,5,5,5,1,2,2,18,2,2,,138
9,1,3,2,1,3,3,4,5,1,3,5,1,3,3,2,3,3,3,5,3,3,5,1,3,1,1,3,3,3,5,2,3,3,1,2,1,20,2,4,,105,2,5,5,4,4,4,5,5,5,5,5,1,4,4,4,4,5,5,5,5,3,5,1,4,5,4,4,4,5,4,5,4,4,1,2,2,19,2,5,,149
14,1,2,5,3,4,2,3,5,4,3,5,3,4,5,4,4,3,4,5,5,3,4,3,5,5,4,4,4,5,5,5,4,5,3,2,1,20,2,2,,132,2,3,2,3,4,4,4,3,4,4,4,4,4,3,3,4,4,4,4,4,5,4,4,4,4,4,4,4,4,4,5,5,5,5,2,2,19,1,2,,122
15,1,3,3,3,3,3,4,3,4,3,3,3,3,3,3,3,3,3,3,4,3,3,3,3,3,3,3,3,3,3,3,3,3,3,2,2,21,2,2,,102,2,2,2,3,4,3,5,4,3,4,4,5,2,4,2,4,3,5,4,4,4,3,5,3,4,2,3,3,4,4,4,4,4,4,1,3,18,2,4,,108
17,1,5,4,4,3,4,4,5,4,4,4,1,4,4,4,4,4,4,5,5,4,5,1,5,3,5,4,4,5,5,5,4,4,1,2,1,19,2,2,,143,2,3,4,3,3,2,4,4,4,4,4,3,3,3,3,3,2,4,4,4,3,5,3,4,4,3,3,3,4,4,4,4,4,3,2,2,19,2,4,,115
19,1,5,5,3,4,5,5,5,5,4,4,2,4,4,3,3,2,5,4,5,3,4,2,3,4,3,4,3,4,4,4,3,4,1,2,2,18,2,5,,131,2,5,5,5,5,5,5,4,5,5,5,5,5,5,5,5,5,5,5,5,5,5,5,5,5,5,5,5,5,5,5,5,5,5,1,2,22,1,2,,152
20,1,2,2,1,2,2,4,5,4,4,3,1,2,2,2,2,1,5,5,5,4,4,1,3,2,2,4,1,5,5,5,4,5,1,1,2,20,2,2,,112,2,4,4,3,4,2,4,4,3,4,4,5,4,4,4,4,4,3,5,4,4,4,4,4,4,4,4,4,4,4,5,5,3,4,2,2,18,2,2,,122
21,1,5,4,4,4,3,5,5,5,4,5,2,5,4,4,4,3,5,5,5,4,4,2,5,4,4,4,4,5,5,5,4,4,3,2,1,18,3,4,,142,2,4,3,2,4,4,4,4,4,4,4,2,4,4,2,4,4,4,4,4,4,4,2,4,4,1,4,4,4,4,4,4,4,1,2,2,18,2,2,,125
22,1,1,2,2,3,2,5,5,4,3,5,1,2,3,3,4,2,5,5,5,3,4,1,2,3,5,4,2,5,5,5,5,5,1,2,2,19,2,4,,124,2,4,4,2,4,4,3,3,3,4,4,3,4,4,3,3,4,4,5,4,3,5,5,4,4,3,4,3,5,5,5,5,5,3,2,3,21,1,2,,124
23,1,4,3,4,4,4,5,5,5,5,4,2,4,4,3,4,4,5,5,1,5,5,2,5,4,4,4,4,5,5,5,5,5,1,2,1,22,2,5,,142,2,4,4,4,4,4,4,5,4,4,4,4,5,4,4,4,4,5,4,4,4,5,4,4,5,5,4,5,5,5,5,5,5,5,2,1,20,2,4,,137
24,1,1,1,3,3,1,3,3,3,3,3,3,1,1,3,3,3,3,4,2,3,4,2,2,3,3,3,3,4,5,5,3,4,1,2,3,19,1,2,,98,2,1,1,5,2,3,4,4,4,4,4,2,1,1,4,2,3,4,4,2,3,3,2,1,2,4,2,4,3,2,3,4,3,2,2,1,19,2,5,,99
26,1,1,2,3,4,3,4,5,5,4,4,4,1,3,4,2,3,5,5,5,4,5,3,3,3,4,3,3,5,5,5,4,5,2,2,3,18,1,4,,121,2,3,4,2,3,4,4,4,4,4,4,2,4,4,2,2,4,4,4,4,4,4,2,4,4,2,3,4,4,4,4,4,4,2,2,1,20,2,5,,121
27,1,5,5,5,5,4,5,5,5,5,5,1,5,5,5,5,5,5,5,5,5,5,1,5,5,5,5,5,5,5,5,5,5,1,1,4,19,1,4,,164,2,5,5,3,5,5,5,5,5,5,4,2,5,5,3,5,5,5,5,5,5,4,5,5,5,3,5,5,5,5,5,5,5,1,1,5,19,2,6,,152
28,1,2,4,4,4,3,3,4,3,4,2,2,4,3,3,3,4,4,5,4,4,2,3,4,4,3,3,4,5,2,5,4,4,5,2,2,19,2,2,,115,2,3,3,2,3,4,4,5,4,4,4,2,3,3,3,4,4,4,5,5,4,4,2,3,3,3,4,5,5,5,5,4,4,2,2,1,18,2,5,,128
29,1,5,5,3,5,5,5,5,5,3,5,3,5,5,5,5,5,5,5,5,3,5,5,5,5,5,5,5,5,5,5,3,5,5,2,2,19,2,5,,147,2,5,3,3,4,4,5,4,5,4,5,1,5,4,2,4,4,5,4,5,3,4,1,5,4,4,4,5,5,5,5,4,4,1,2,3,21,2,2,,142
31,1,2,3,1,2,1,5,3,5,3,4,4,3,3,5,3,3,1,3,5,3,2,3,3,3,3,3,3,5,5,5,3,3,3,2,1,20,2,6,,104,2,1,3,1,3,1,4,4,3,3,3,3,1,3,1,3,1,4,3,3,3,3,3,1,3,1,3,1,3,2,3,3,3,3,2,1,24,2,3,,83
32,1,3,4,2,4,4,4,4,4,4,5,5,4,3,4,4,4,4,4,5,4,4,5,4,4,4,4,4,4,4,4,4,4,4,2,2,21,1,2,,122,2,3,3,4,3,2,5,5,5,3,4,1,3,3,3,3,1,5,5,4,3,4,1,3,3,3,3,2,5,5,4,4,4,1,2,2,21,2,5,,122
33,1,4,4,3,3,4,4,5,4,4,4,3,4,4,4,4,4,5,5,4,4,4,3,4,4,4,5,4,4,5,4,4,4,3,2,3,19,5,2,,132,2,4,4,2,4,3,5,4,4,4,5,1,4,5,2,4,4,5,5,4,4,5,1,4,5,3,5,4,5,5,5,5,5,1,2,1,22,2,2,,142
34,1,4,4,3,5,2,5,4,4,3,4,2,4,4,4,4,3,5,5,5,4,5,1,4,4,4,4,4,5,5,5,4,5,1,2,1,19,1,5,,139,2,2,4,2,3,4,5,5,4,4,2,4,3,2,4,5,4,5,4,5,4,5,3,3,5,5,3,5,5,5,5,4,4,4,2,1,19,1,2,,127
35,1,1,4,3,3,1,4,2,1,4,4,3,2,2,2,3,3,4,3,4,4,4,2,2,2,3,2,2,2,4,4,4,4,2,2,1,21,1,2,,98,2,4,3,3,4,3,,5,5,4,4,2,4,3,3,3,4,4,5,5,4,4,1,4,4,3,4,4,4,5,5,4,4,1,2,2,21,2,4,,129
36,1,3,3,1,2,1,2,2,1,3,2,3,3,2,2,2,1,3,2,2,4,2,3,4,2,1,3,1,4,3,2,4,4,3,1,1,19,1,5,,80,2,2,1,1,1,2,3,4,2,4,3,3,2,2,1,2,3,4,4,3,3,2,3,2,1,1,3,4,3,4,5,4,3,3,2,2,18,2,2,,88
37,1,4,4,4,5,3,5,5,5,3,4,3,4,3,4,4,4,5,3,5,3,4,2,4,3,3,3,4,5,5,5,3,3,1,2,1,20,2,5,,131,2,3,4,3,4,2,5,5,5,4,4,1,4,3,3,3,3,5,5,5,4,4,2,4,4,3,3,2,5,5,5,4,4,2,2,2,18,3,2,,130
38,1,2,3,3,4,4,4,3,3,4,4,4,3,4,3,4,3,,3,2,3,3,4,4,4,4,5,5,4,5,4,4,2,4,1,4,18,2,2,,109,2,4,4,3,3,,3,3,3,3,4,4,2,4,4,4,2,4,3,4,3,2,4,4,4,3,3,3,3,4,4,2,4,4,1,4,19,2,2,,102
39,1,3,4,3,4,4,4,4,3,4,3,3,3,4,3,,,4,4,,4,4,3,4,4,4,4,4,4,4,4,4,4,4,2,2,20,2,5,,110,2,4,5,4,3,3,4,4,5,3,4,1,4,4,4,4,4,5,5,5,4,5,1,4,5,4,4,4,5,5,5,4,5,1,2,2,19,2,2,,143
40,1,3,4,3,4,4,4,4,5,5,4,3,3,5,4,5,4,5,5,5,5,5,2,4,4,5,5,4,5,5,5,5,5,1,1,3,18,2,7,"Middle Eastern",145,2,5,4,2,5,4,5,5,4,4,5,2,5,4,3,5,5,5,5,5,5,5,2,5,5,2,5,5,5,5,5,5,5,2,1,2,19,2,2,,149
42,1,4,4,4,4,3,4,5,3,4,4,4,3,3,4,4,3,4,4,3,4,4,3,,,,,,,,,,,,,,,,,,80,2,2,4,2,4,2,3,2,3,4,3,3,3,3,3,2,4,2,2,2,3,2,3,2,3,2,2,2,2,3,3,3,2,3,2,1,19,2,2,,88
43,1,5,5,5,5,4,4,5,5,5,5,2,5,5,5,5,5,5,5,5,5,5,1,5,5,5,5,5,5,5,5,5,5,2,1,5,21,2,2,,161,2,5,5,4,5,5,5,5,5,5,5,1,5,5,3,5,5,5,5,5,5,5,1,5,5,5,5,5,5,3,5,5,5,1,1,5,21,1,2,,160
45,1,4,5,4,5,5,5,5,5,5,5,2,5,5,4,5,4,5,5,5,5,5,1,5,5,5,5,5,5,5,5,5,5,1,2,1,20,2,6,,160,2,4,4,4,4,3,5,4,4,4,5,1,4,4,4,4,3,5,5,5,4,5,1,4,5,4,4,3,5,5,5,5,5,1,2,1,20,2,2,,144
48,1,4,4,2,5,4,4,4,4,4,3,4,5,4,4,4,4,5,4,4,4,4,4,5,5,4,5,5,5,5,5,5,5,5,2,4,21,2,2,,136,2,4,3,4,3,4,5,5,5,3,5,1,4,3,4,3,3,5,5,5,4,5,1,4,3,4,4,4,5,5,5,4,5,1,2,4,19,2,2,,140
49,1,4,4,4,4,4,5,5,4,4,5,5,4,4,4,4,4,5,5,4,5,5,4,3,4,5,4,3,5,5,4,4,5,4,2,3,19,2,2,,134,2,2,4,3,4,4,4,3,3,3,4,4,5,4,4,5,5,5,5,5,5,4,5,4,4,4,5,5,5,5,4,4,4,5,2,3,23,3,2,,129
50,1,3,1,1,3,4,4,5,4,3,4,5,2,1,3,3,1,5,5,5,3,4,5,1,3,1,3,3,5,5,5,3,5,5,2,2,20,2,1,,46,2,4,4,3,4,5,5,5,4,5,5,4,4,4,5,3,5,4,4,4,4,4,5,4,3,3,3,5,4,3,4,3,5,4,2,2,19,1,2,,127
52,1,4,4,4,3,4,4,5,4,3,4,2,4,4,4,4,5,5,5,5,4,4,2,4,4,4,4,4,5,5,5,4,4,2,2,2,19,2,5,,101,2,4,3,4,4,4,5,4,5,3,5,2,4,4,3,4,3,5,5,5,4,5,2,4,4,4,4,4,5,5,5,4,5,1,2,3,19,1,5,,140
53,1,4,3,4,4,4,4,4,5,4,5,4,4,3,4,4,4,4,4,4,4,5,4,4,3,4,4,4,4,4,4,4,4,3,2,1,20,1,2,,138,2,4,4,4,4,4,5,5,5,4,5,2,4,4,4,4,5,4,5,4,5,5,1,4,4,5,4,5,5,5,1,4,4,1,1,2,19,2,4,,143
54,1,4,4,4,4,4,2,2,2,2,4,3,4,5,4,4,4,4,2,4,4,5,5,5,4,5,5,5,4,3,4,2,5,5,1,4,23,1,2,,127,2,5,5,4,4,5,5,4,5,5,5,5,5,5,5,4,5,5,5,4,5,5,5,4,5,4,4,4,4,5,4,5,4,5,1,4,22,1,2,,141
55,1,4,2,3,4,4,5,4,4,4,4,3,3,4,3,3,3,4,4,4,4,4,4,3,3,3,3,4,5,5,5,4,4,3,2,1,19,2,2,,119,2,5,5,3,4,5,5,5,5,4,5,1,5,5,4,5,4,5,5,5,5,5,1,5,5,4,5,5,5,5,5,5,5,1,2,1,20,2,2,,158
56,1,4,3,4,5,5,5,5,5,4,4,3,5,4,4,4,5,5,5,5,5,3,5,3,5,2,5,4,5,5,4,3,3,4,1,3,19,1,2,,121,2,3,3,3,4,3,4,2,3,4,3,2,3,3,3,4,3,4,2,4,3,3,2,3,3,3,3,3,4,3,4,3,4,2,1,1,18,1,6,,109
58,1,1,2,3,2,2,4,5,2,2,4,5,4,4,3,4,4,5,5,4,2,4,4,5,5,5,5,5,,5,5,5,5,5,2,4,18,2,2,,134,2,5,5,3,5,4,5,5,5,5,5,1,5,5,4,5,4,5,5,5,5,5,2,5,5,4,5,5,5,5,5,5,5,2,2,1,18,2,2,,157
59,1,4,4,3,4,3,5,4,5,4,4,3,4,4,4,4,3,5,4,4,4,4,3,4,4,4,4,4,5,5,5,4,4,4,2,2,19,2,2,,115,2,5,5,4,5,5,5,5,5,5,4,3,5,5,4,5,3,5,4,4,4,4,2,4,4,3,4,3,4,4,4,4,4,3,2,1,18,2,5,,139
60,1,3,4,4,4,3,4,4,4,4,4,4,3,4,4,4,3,4,4,4,4,4,3,4,4,4,4,3,4,4,4,4,4,4,2,2,19,1,2,,131,2,4,4,2,4,4,4,4,4,3,4,1,4,5,4,5,4,5,5,5,4,5,1,4,5,4,5,4,5,5,5,4,5,1,2,2,21,2,2,,144
61,1,5,5,3,5,4,5,5,5,5,5,4,5,5,4,5,5,5,5,5,5,5,1,5,5,4,5,5,5,5,5,5,5,1,2,2,19,2,4,,122,2,3,3,2,3,3,5,3,4,5,4,3,4,3,3,3,4,5,3,4,4,5,5,3,3,3,3,3,5,4,5,5,4,4,2,1,18,2,4,,117
62,1,2,4,2,4,4,5,5,5,4,5,1,3,4,4,5,2,5,5,5,4,4,1,2,4,4,4,2,5,5,5,4,4,1,1,4,19,1,2,,157,2,5,5,5,5,5,5,5,5,5,5,1,5,5,4,5,5,5,5,5,5,5,1,5,5,5,5,5,5,5,5,5,5,1,2,1,18,2,4,,164
63,1,3,2,2,1,2,2,2,4,3,5,1,4,5,4,5,4,4,5,5,4,5,5,5,5,5,5,5,5,5,5,5,5,5,2,2,18,2,4,,135,2,3,1,2,3,2,4,5,4,3,3,2,3,2,3,3,2,4,5,5,3,4,1,2,2,4,4,2,5,5,5,4,3,1,2,1,18,2,6,,114
64,1,5,5,2,4,1,5,5,5,4,3,3,5,3,4,4,3,5,5,5,4,4,2,4,4,4,4,4,5,5,5,4,5,1,2,2,18,2,2,,128,2,5,5,5,5,5,5,5,5,5,5,1,5,5,5,5,5,5,5,5,5,5,1,5,5,5,5,5,5,5,5,5,5,1,1,1,19,2,5,,165
65,1,2,3,2,3,2,4,3,4,5,5,1,3,2,2,3,4,4,4,4,4,4,1,3,3,1,3,3,4,4,4,4,4,1,2,1,18,2,2,,137,2,4,4,4,4,2,5,5,3,4,4,3,4,3,3,3,3,4,4,5,3,4,2,3,3,3,4,2,4,4,4,3,3,2,2,1,18,2,2,,119
66,1,5,4,3,4,5,5,5,5,4,5,2,5,4,3,5,5,5,5,5,4,5,2,5,4,3,5,5,5,5,5,4,5,2,1,4,19,2,2,,115,2,5,5,3,5,4,5,5,4,5,5,4,5,5,4,5,5,5,5,4,4,5,2,5,5,5,5,5,5,5,5,5,5,3,1,5,20,2,2,,152
67,1,5,5,4,5,4,5,5,5,5,5,1,5,5,5,5,4,5,5,5,5,5,1,5,5,5,5,5,5,5,5,5,5,1,2,1,18,2,2,,149,2,5,5,4,3,2,4,5,4,4,5,3,5,4,3,5,2,3,5,5,4,5,2,4,5,4,5,4,5,5,5,5,5,1,2,1,21,2,2,,141
68,1,2,4,4,4,4,5,3,4,3,4,2,4,4,3,4,3,5,4,5,3,4,2,4,5,2,4,4,5,5,5,3,4,1,2,1,20,2,6,,162,2,3,3,3,3,3,3,3,3,3,4,4,3,3,3,3,3,3,3,3,3,3,3,3,3,3,3,3,3,3,3,3,3,3,2,2,20,1,2,,99
69,1,3,3,3,3,3,4,5,4,4,5,1,3,3,3,3,4,5,5,4,4,5,1,3,3,4,4,3,5,5,5,5,5,1,2,3,19,2,4,,130,2,4,3,2,4,4,5,4,5,3,4,3,2,3,3,3,3,4,4,4,4,4,2,3,3,2,3,3,4,4,4,4,4,1,2,1,18,2,5,,118
70,1,4,4,4,,,5,5,5,4,5,1,4,4,4,4,3,5,5,5,4,4,1,4,4,3,5,3,5,5,5,5,4,1,2,1,20,2,7,,133,2,3,5,4,4,4,4,4,5,4,5,2,4,3,4,4,5,5,5,5,5,5,2,4,4,5,4,5,5,5,5,5,5,4,2,2,18,2,2,,144
71,1,4,5,4,4,4,5,5,5,4,5,1,5,5,5,5,5,5,5,5,5,5,1,5,5,5,5,5,5,5,5,5,5,1,1,4,19,2,2,"Middle eastern/arabic",136,2,3,3,4,3,3,5,5,4,4,4,2,3,4,3,3,3,4,4,5,3,4,2,3,3,3,3,3,5,4,5,4,4,2,2,4,21,2,5,,123
72,1,1,1,1,3,1,4,5,5,4,4,1,1,1,1,3,1,4,5,5,4,4,1,1,3,1,3,1,5,5,4,4,4,1,2,1,20,2,3,,160,2,1,1,1,2,1,3,3,3,3,2,1,1,3,1,3,1,3,3,1,3,3,3,1,3,1,3,1,3,3,4,3,3,3,2,1,19,2,5,,78
73,1,4,3,4,4,4,4,4,4,4,4,1,4,4,5,4,5,4,5,5,4,4,1,5,4,5,4,5,5,5,5,4,5,1,2,3,18,1,2,,104,2,3,4,4,3,3,4,4,4,4,4,1,3,5,4,4,3,4,4,5,5,5,1,4,4,4,4,3,5,5,5,5,5,1,2,2,18,2,5,,138
74,1,4,5,4,4,4,4,5,5,4,4,3,4,4,4,4,3,4,4,4,4,4,3,4,4,4,4,3,4,5,4,4,4,2,2,1,18,2,2,,145,2,2,1,3,3,1,5,4,5,3,3,4,2,2,1,3,2,4,4,5,3,4,4,2,2,2,3,3,5,5,5,4,4,4,2,2,18,2,2,,101
75,1,5,4,3,3,4,4,5,4,3,4,3,4,4,3,5,3,5,4,5,4,5,2,5,5,4,4,4,5,5,5,5,5,2,2,3,19,2,4,,132,2,3,5,3,5,5,5,5,5,3,5,3,3,5,3,5,5,5,4,5,4,5,4,5,5,4,5,5,5,5,5,5,5,3,2,3,18,2,2,,145
76,1,2,5,3,3,4,4,4,5,4,4,4,2,3,3,3,4,4,4,5,4,4,3,3,3,3,3,4,4,4,5,4,4,4,2,3,21,2,2,,139,2,4,5,4,4,4,5,5,4,4,4,1,4,4,4,4,4,5,5,5,5,5,1,4,4,5,4,5,5,5,5,5,5,1,2,3,32,2,5,,150
77,1,1,1,1,3,1,4,5,5,4,3,1,1,2,2,1,1,5,5,5,4,5,1,3,4,3,4,1,5,5,5,5,5,1,2,2,21,2,2,,118,2,4,2,4,3,4,5,4,5,4,2,4,4,3,4,3,3,5,5,5,4,5,1,4,4,4,4,4,5,5,5,5,5,1,2,1,19,1,2,,135
78,1,4,3,3,4,4,4,4,4,4,5,4,4,3,4,4,4,,3,4,4,4,4,4,3,4,4,3,4,2,4,4,4,4,2,1,19,2,2,,114,2,4,3,2,4,5,5,4,5,4,4,2,4,3,2,4,5,4,5,5,4,4,2,3,4,2,4,5,5,4,5,4,4,2,2,3,19,1,2,,132
79,1,1,3,3,3,1,4,3,4,3,1,4,3,3,1,3,3,4,3,4,3,4,3,1,3,1,3,1,4,1,4,3,3,3,2,1,19,2,2,,115,2,3,4,4,5,4,5,4,5,4,4,1,4,4,5,4,4,4,5,4,4,4,2,4,4,5,5,4,4,4,4,4,4,1,2,1,18,2,2,,140
80,1,5,4,2,4,5,3,4,4,5,5,5,4,5,2,5,5,4,5,4,5,5,4,5,5,5,5,5,5,5,5,5,5,5,2,2,18,2,2,,40,2,3,3,3,3,3,3,3,3,3,3,3,,,,,,,,,,,,3,3,3,3,3,3,3,3,3,3,3,2,1,18,2,2,,66
81,1,4,4,4,4,3,4,2,4,3,4,2,5,4,4,3,4,4,4,2,3,3,2,4,4,4,4,4,5,4,3,4,4,3,2,2,21,2,2,,89,2,3,4,5,3,2,4,3,2,3,3,3,3,5,5,3,3,4,5,4,3,4,2,3,5,5,4,3,5,5,5,3,4,2,2,1,29,2,4,,124
82,1,2,2,3,2,2,4,4,4,4,5,1,3,3,3,3,3,5,4,5,3,4,1,3,3,3,4,3,5,5,5,3,5,1,2,2,19,1,2,,139,2,3,4,2,3,2,4,4,4,3,4,3,4,3,4,4,4,4,4,4,3,4,2,4,4,5,4,4,5,5,5,4,5,4,2,1,18,1,2,,125
83,1,3,4,3,3,2,3,4,2,4,3,3,3,3,3,3,4,3,3,3,3,2,3,3,4,3,4,4,4,3,4,3,4,3,2,1,20,2,5,,123,2,4,5,4,5,4,5,4,5,4,4,4,4,4,3,4,5,5,5,4,5,5,2,4,4,3,4,5,5,5,5,4,5,2,2,3,18,2,2,,142
84,1,3,3,2,3,2,4,5,4,4,4,4,3,4,4,4,2,4,5,5,4,4,3,4,4,4,4,3,4,4,5,4,4,3,2,2,18,1,2,,122,2,5,4,4,3,4,5,4,4,3,3,4,4,5,4,4,5,4,4,4,4,4,5,5,2,4,5,4,4,4,4,2,2,5,2,1,18,1,2,,121
86,1,3,5,2,4,3,5,5,5,4,4,2,3,3,4,4,3,5,5,5,4,4,1,4,3,4,5,4,5,5,5,4,5,2,2,1,18,2,2,,106,2,4,5,4,5,4,5,5,4,3,5,4,4,4,4,4,4,5,5,5,4,4,3,4,4,4,4,4,5,5,5,4,4,4,2,2,18,2,2,,137
87,1,4,4,2,4,1,4,3,3,3,4,1,4,4,4,4,4,4,2,2,4,3,,4,4,4,4,4,4,2,2,4,4,2,1,3,18,1,2,,121,2,4,4,4,3,2,4,4,4,4,4,2,5,4,5,4,4,5,5,5,5,5,1,5,4,5,4,4,5,5,5,4,5,1,1,4,18,2,7,"Middld eastern",144
88,1,3,3,,3,2,3,4,3,3,4,3,3,3,2,4,3,4,4,4,3,3,3,3,3,3,3,4,4,4,3,4,4,3,2,2,18,2,2,,137,2,3,3,3,3,3,3,3,3,4,3,3,3,4,2,3,3,4,3,4,4,3,1,3,,,,,,,,,,1,2,3,19,2,4,,80
89,1,5,5,4,5,5,5,5,3,5,5,5,5,5,5,5,5,5,5,4,5,5,5,5,5,5,5,5,5,5,4,5,5,5,2,1,18,2,2,,112,2,2,4,3,3,3,5,3,3,3,5,3,3,3,3,3,3,5,4,4,3,4,3,3,3,3,3,3,5,5,5,3,3,2,2,2,19,3,4,,115
90,1,3,4,3,2,4,2,2,3,3,4,4,3,3,3,2,3,3,2,3,3,2,2,2,1,3,2,2,4,4,2,2,2,2,2,2,19,1,2,,105,2,3,3,3,3,3,3,3,3,3,3,3,3,,3,3,3,3,4,3,3,3,3,3,3,3,3,3,3,3,3,3,3,3,2,1,20,2,5,,97
91,1,5,2,4,4,4,4,4,3,4,3,4,3,2,3,3,4,2,3,3,4,4,4,2,3,4,4,4,3,4,3,4,4,4,2,2,21,2,2,,148,2,5,5,4,4,4,4,4,5,4,4,5,4,4,4,4,4,3,4,4,5,4,5,4,4,5,4,5,4,5,5,4,4,5,2,2,18,2,2,,130
92,1,3,4,2,3,4,3,3,2,4,3,4,4,4,4,4,4,4,4,4,4,4,4,4,4,4,4,4,4,4,4,4,4,4,2,3,22,2,2,,91,2,4,4,4,4,3,4,4,4,4,4,3,5,5,3,5,4,5,4,4,5,4,4,5,5,4,5,5,5,5,4,5,5,1,2,1,18,1,2,,141
93,1,3,4,3,5,4,4,4,5,5,5,3,3,4,4,4,4,5,5,5,5,5,2,3,4,4,4,4,5,5,5,5,5,1,2,3,18,2,2,,109,2,3,3,4,3,3,5,4,4,5,4,3,4,2,4,4,4,4,5,4,4,4,4,3,3,4,3,3,2,3,3,3,3,3,2,4,20,2,2,,115
94,1,3,4,2,4,4,5,3,5,5,4,5,4,5,4,5,5,5,5,5,5,5,5,5,5,5,5,5,5,5,5,5,5,5,2,2,19,2,2,,117,2,4,4,2,3,2,3,4,2,4,4,3,2,4,2,4,2,4,5,4,4,4,2,4,4,3,4,4,4,5,5,3,4,2,2,1,19,2,2,,118
95,1,4,4,2,3,3,3,3,4,3,3,1,5,3,3,3,4,4,4,4,3,4,2,,3,4,3,4,5,4,4,4,4,1,2,3,18,2,2,,142,2,4,3,4,3,4,3,3,2,4,3,3,4,3,3,3,4,4,4,3,4,3,2,4,3,4,3,4,4,3,4,3,4,2,2,1,18,2,4,,115
96,1,5,2,4,3,3,5,4,5,4,5,5,3,3,4,3,4,5,5,3,5,4,4,4,3,4,3,4,5,5,4,5,5,4,2,2,20,1,2,,140,2,2,2,2,4,4,4,5,4,3,4,2,2,2,2,2,3,4,4,4,4,4,2,2,2,3,2,3,4,4,4,4,4,2,2,1,21,2,2,,109
97,1,3,5,5,4,2,4,4,5,4,4,3,3,4,5,4,4,4,4,5,3,5,3,4,5,5,5,4,4,4,5,4,5,2,2,2,20,1,5,,118,2,4,3,3,3,1,4,4,4,3,4,2,4,4,3,4,3,5,5,5,4,5,1,5,5,4,5,3,5,5,5,5,4,1,2,1,19,2,4,,135
98,1,4,3,3,3,4,4,5,5,4,4,2,4,3,3,4,3,5,5,5,4,5,3,4,4,3,3,3,5,5,5,4,4,3,2,1,19,1,2,,126,2,2,3,1,3,2,3,4,4,4,3,4,3,3,3,4,3,3,4,4,3,4,3,3,3,3,4,4,3,4,4,3,4,3,2,1,19,2,2,,106
99,1,2,2,1,3,1,2,3,3,3,4,2,1,1,1,2,1,3,3,3,3,3,3,1,1,1,2,1,3,4,3,3,3,3,2,1,19,2,2,,136,2,4,5,2,4,4,4,3,4,3,4,4,5,5,2,5,4,5,4,5,5,4,5,5,5,4,4,4,5,4,5,4,4,5,2,3,18,2,2,,129
100,1,4,4,2,3,2,4,4,5,4,4,4,5,4,3,4,3,5,5,4,3,4,2,,,,,,,,,,,,2,3,19,2,2,,130,2,3,3,4,3,3,5,5,5,2,4,1,3,3,4,4,2,5,5,5,3,5,1,,,,,,,,,,,,,,,,,,86
101,1,4,4,3,3,4,3,4,3,4,4,3,4,3,3,4,4,2,3,2,3,4,3,3,4,3,3,4,4,4,4,4,4,4,2,3,20,2,2,,77,2,3,3,1,3,2,5,4,2,4,3,1,4,3,4,4,2,5,3,3,4,4,2,4,4,5,4,3,5,4,4,4,4,2,2,3,18,1,2,,120
102,1,4,4,1,4,2,4,3,5,4,5,1,4,2,1,4,1,3,4,4,4,4,1,4,4,2,4,3,4,4,4,5,4,1,1,4,20,1,5,,82,2,4,2,4,4,4,4,4,4,4,4,4,5,5,5,5,5,5,5,5,5,5,5,5,5,4,5,5,5,5,5,5,5,5,2,3,19,2,2,,141
103,1,5,4,4,4,4,4,5,5,4,4,3,5,4,4,4,4,5,5,5,4,5,4,5,4,4,4,4,5,5,5,4,5,4,1,4,20,1,2,,113,2,5,5,5,5,4,4,4,5,4,5,3,5,5,5,5,5,5,5,5,5,5,4,5,5,5,5,5,5,5,5,5,5,5,1,4,19,2,2,,152
104,1,5,3,3,3,3,5,5,5,4,4,3,3,3,3,3,3,5,5,5,3,4,3,3,3,2,3,4,1,1,1,3,1,3,2,1,20,2,4,,120,2,5,3,2,3,4,5,5,5,4,5,2,4,3,4,4,3,5,5,4,4,4,5,3,4,4,4,4,5,5,5,5,5,4,2,1,18,1,2,,132
105,1,2,4,4,4,3,5,5,4,5,4,4,5,5,4,5,4,4,5,4,5,4,4,5,5,4,5,5,5,5,5,5,5,2,2,2,20,2,4,,140,2,4,3,4,4,4,4,4,4,4,4,4,4,4,4,4,4,4,4,4,4,4,3,4,4,4,4,4,4,4,4,4,4,2,2,3,20,2,2,,128
106,1,2,3,4,3,4,2,3,3,3,2,1,1,1,3,2,3,3,4,2,3,3,5,2,3,4,2,4,3,3,4,2,3,1,2,1,19,2,4,,108,2,4,2,4,4,2,5,4,1,4,5,1,4,4,4,4,2,5,5,5,4,5,2,4,4,4,4,4,5,5,5,4,5,2,2,1,19,2,5,,134
107,1,4,4,3,4,4,3,2,2,2,3,4,4,4,4,5,4,5,4,4,4,4,4,4,4,4,,4,4,4,4,4,4,4,2,1,20,2,2,,142,2,4,4,3,3,4,3,4,4,4,4,2,4,4,4,4,5,4,4,4,4,4,2,4,4,3,4,4,4,4,4,4,4,2,2,2,18,2,2,,129
108,1,3,2,2,3,2,4,4,4,4,4,2,4,3,4,3,4,4,4,4,5,5,2,4,4,4,4,4,4,4,4,4,4,2,2,2,18,2,2,,95,2,5,5,1,5,5,5,5,5,5,5,1,5,5,4,5,5,5,5,5,5,5,1,5,5,4,5,5,5,5,5,5,5,1,2,1,20,2,5,,159
109,1,3,4,2,4,3,5,5,4,4,5,2,4,3,4,4,4,5,5,4,5,5,2,3,4,4,4,3,5,5,5,5,5,1,2,3,19,2,4,,115,2,1,4,3,3,1,4,5,5,3,4,1,2,4,2,4,1,4,5,5,3,4,1,4,4,4,4,1,4,5,5,3,4,1,2,1,21,1,5,,120
110,1,4,5,5,5,5,5,5,5,5,5,4,5,5,5,5,4,5,5,5,5,5,4,5,5,5,5,5,5,5,5,5,5,4,2,3,20,1,5,,124,2,2,3,4,3,3,3,4,4,3,4,3,2,2,4,3,3,3,4,4,3,3,3,4,3,4,3,4,4,4,4,3,3,3,2,2,21,1,5,,109
111,1,4,4,4,4,2,4,4,4,4,4,2,2,4,2,4,2,4,4,4,4,3,1,4,4,4,4,2,5,4,5,5,5,1,1,1,21,2,4,,138,2,4,5,4,3,4,4,4,4,4,4,3,3,4,4,4,3,3,4,4,3,3,3,4,4,4,4,3,4,4,4,4,4,4,2,1,18,5,7,,122
112,1,4,1,3,3,4,5,5,5,3,4,4,4,3,4,3,4,4,4,4,5,5,3,4,4,4,4,4,4,4,4,4,5,4,1,2,20,2,4,,154,2,3,3,2,4,4,5,5,5,4,5,4,4,3,4,4,5,5,5,5,4,5,1,5,3,5,4,5,5,5,5,4,5,1,1,4,20,1,2,,142
113,1,2,2,2,3,4,4,4,4,4,3,2,2,3,2,4,4,5,3,4,3,4,2,4,3,4,4,2,4,5,4,3,4,1,2,2,18,1,2,,127,2,5,4,4,5,5,4,5,4,4,4,5,5,5,5,5,5,4,5,5,5,5,4,5,5,5,5,5,5,5,5,5,5,5,2,2,20,2,2,,147
114,1,4,3,2,4,3,3,4,4,4,4,2,3,4,3,3,3,3,4,3,3,3,3,4,4,3,5,3,3,4,4,3,3,3,2,2,21,2,2,,125,2,3,4,5,4,3,5,4,4,4,4,4,4,4,5,4,4,5,5,5,4,4,2,4,4,5,4,5,5,5,5,4,4,2,2,3,18,2,2,,139
115,1,4,4,3,3,4,4,4,3,4,4,4,4,4,3,4,4,5,4,4,3,4,4,4,4,4,4,4,4,4,4,4,4,4,2,1,18,2,4,,116,2,4,4,4,3,3,3,3,2,3,2,2,4,3,2,3,4,3,4,3,3,2,3,4,3,2,3,4,3,4,3,4,3,3,2,1,19,2,2,,105
116,1,3,3,2,4,2,5,5,5,4,4,1,3,4,3,4,2,5,5,5,4,5,1,3,4,4,5,3,5,5,5,4,5,1,2,1,22,2,2,,113,2,4,5,3,5,3,5,5,5,3,5,1,5,5,3,5,4,5,5,5,3,5,1,5,5,4,5,5,5,5,5,3,5,1,1,3,18,2,5,,150
117,1,5,5,4,5,4,5,5,1,5,5,1,5,5,5,5,5,5,5,5,5,5,1,5,5,5,5,5,5,5,5,5,5,5,2,3,21,2,4,,122,2,5,4,4,5,5,5,5,5,5,5,2,5,4,4,5,4,5,5,5,5,5,1,5,4,5,4,5,5,5,5,5,5,1,2,1,19,2,2,,157
118,1,3,3,4,3,3,5,4,4,3,3,3,3,3,4,3,3,4,4,4,3,4,3,3,3,4,3,3,4,4,4,3,3,3,2,1,18,2,2,,135,2,3,3,2,3,3,3,5,2,4,3,3,3,3,3,4,2,4,5,4,4,4,2,3,3,3,4,2,4,5,4,4,4,2,2,1,21,2,2,,114
119,1,5,4,2,4,3,4,5,4,3,4,2,3,4,2,4,3,4,4,5,3,4,2,4,5,2,4,3,4,5,5,3,4,2,2,1,18,2,2,,155,2,3,3,3,4,3,4,3,4,4,3,3,3,3,3,3,3,4,4,4,3,3,2,3,3,3,4,3,3,4,4,3,4,3,2,3,21,2,2,,111
120,1,5,2,2,3,1,4,5,5,5,5,1,5,3,4,3,3,4,5,5,5,5,1,5,4,4,4,3,5,5,5,5,5,1,2,3,18,2,2,,113,2,4,4,3,4,3,5,5,4,4,5,2,3,4,3,4,3,5,5,5,4,5,1,4,4,3,4,3,5,5,5,5,4,1,2,1,18,2,4,,138
121,1,3,4,2,4,4,4,2,4,3,4,2,5,5,3,4,4,5,4,4,4,4,2,5,5,4,4,5,4,4,4,4,4,2,2,2,20,2,6,,125,2,4,2,2,4,3,4,4,4,2,4,2,2,4,2,4,2,4,4,4,4,4,2,2,4,2,4,2,4,4,4,4,4,2,2,2,18,1,2,,113
122,1,5,5,3,4,4,5,4,4,5,4,4,4,4,4,5,4,5,4,5,,4,4,4,4,4,5,5,5,5,5,5,5,5,2,2,18,2,2,,139,2,1,1,4,1,2,4,5,,3,4,4,1,1,4,1,1,4,4,4,3,4,4,1,2,5,1,1,4,4,4,3,4,4,2,3,18,1,2,,87
123,1,4,5,4,3,4,5,5,5,4,5,2,4,4,4,4,3,5,5,5,4,5,1,4,5,4,4,4,5,5,5,4,5,2,2,2,19,2,2,,131,2,3,3,1,4,3,4,4,1,3,4,1,4,4,1,4,3,4,4,4,3,4,2,4,4,2,4,3,5,5,4,4,4,2,2,1,19,1,2,,117
125,1,4,4,2,3,3,4,5,4,4,4,4,3,3,4,4,3,4,5,4,4,3,4,3,3,4,4,4,4,5,4,4,4,4,2,2,19,2,2,,134,2,3,4,2,3,4,5,5,5,3,5,1,3,3,3,4,3,4,5,5,4,4,1,3,3,4,4,3,5,5,5,4,5,1,2,2,19,2,5,,133
126,1,3,3,3,3,4,4,4,4,3,4,2,3,3,3,3,3,5,5,5,3,5,1,3,3,3,3,3,5,5,5,3,5,1,2,4,19,1,2,,145,2,3,3,2,5,4,4,4,5,4,4,2,3,4,3,3,4,4,4,4,4,5,4,4,4,3,4,4,5,4,5,4,4,2,2,2,18,1,2,,127
127,1,4,5,3,4,4,4,4,5,4,4,5,4,3,2,4,3,4,4,4,4,3,2,4,4,2,4,3,3,3,4,4,3,2,2,2,18,2,2,,119,2,3,2,2,4,3,4,4,4,4,3,4,3,3,3,3,,3,3,4,4,3,4,3,3,3,3,3,4,4,4,4,4,4,2,2,19,1,2,,103
128,1,1,2,2,4,2,4,4,4,3,4,2,1,2,2,3,2,4,4,4,3,4,2,2,2,3,3,3,4,4,4,3,4,2,2,2,19,2,2,,125,2,5,4,2,4,5,4,4,4,4,4,5,5,4,3,5,5,5,4,4,4,4,5,5,5,4,5,5,5,5,5,,5,5,2,3,20,2,2,,130
129,1,2,2,3,4,3,5,5,1,5,5,2,3,4,3,5,3,5,5,5,5,5,1,3,2,3,4,3,5,5,5,5,5,2,2,1,19,2,2,,119,2,4,4,3,4,4,5,5,5,4,4,3,4,4,4,4,4,5,4,5,4,5,3,4,4,4,4,4,5,4,5,4,5,3,2,3,19,2,2,,137
130,1,5,5,4,5,4,5,5,5,5,5,2,5,5,4,5,5,5,5,5,5,5,1,5,5,5,5,5,5,5,5,5,5,1,2,1,18,2,5,,103,2,3,2,2,3,3,5,5,5,5,5,1,3,3,2,3,2,5,5,5,4,5,1,3,3,2,3,2,5,5,5,4,5,1,2,2,36,2,5,,127
131,1,5,3,3,3,3,5,4,5,3,5,1,5,3,3,3,3,5,5,5,3,5,1,5,3,4,3,3,5,5,5,3,5,1,2,1,18,2,4,,131,2,5,3,3,4,2,5,4,3,5,4,3,3,3,5,3,3,3,4,3,3,3,3,3,3,3,3,3,3,3,3,3,3,3,2,1,19,2,4,,110
132,1,3,5,4,3,3,3,3,3,3,4,4,5,5,4,3,4,4,4,1,3,4,1,3,2,4,4,4,4,4,4,3,4,1,2,1,21,2,2,,161,2,4,4,4,4,3,4,4,4,4,4,2,5,4,5,5,3,5,5,5,5,4,1,4,5,4,5,3,5,5,5,5,5,1,2,3,19,2,2,,145
133,1,4,4,3,4,4,4,5,5,5,5,4,4,4,3,4,4,4,5,5,5,4,2,4,4,4,4,4,5,5,5,5,4,2,1,3,19,2,2,,135,2,4,5,3,4,3,5,4,4,4,4,1,3,5,4,4,3,4,5,4,4,4,1,4,4,4,4,3,4,5,4,4,5,1,2,2,18,2,5,,136
134,1,2,3,2,3,2,4,4,1,3,4,1,2,3,3,3,4,4,5,1,4,4,1,2,3,3,2,3,4,5,5,3,4,1,2,2,22,2,6,,119,2,3,5,5,5,2,5,5,5,5,5,2,5,5,5,5,5,5,5,5,5,5,5,5,5,5,5,5,5,5,5,5,5,5,2,1,20,1,2,,151
135,1,4,4,4,4,3,5,5,5,4,5,3,4,4,5,5,4,5,5,5,5,5,3,5,5,5,5,4,5,5,5,5,5,3,2,4,19,2,2,,139,2,4,4,4,4,5,5,5,5,5,5,2,5,4,4,5,5,5,5,5,5,5,5,5,5,5,5,4,4,5,4,5,4,4,2,2,19,2,4,,147
136,1,4,5,5,4,5,5,5,3,4,4,4,4,5,2,4,5,5,5,4,5,4,5,5,5,3,5,5,5,5,4,5,5,4,2,2,20,2,2,,110,2,1,4,3,4,3,5,5,4,4,4,1,4,4,3,3,4,4,4,4,4,4,1,5,,3,4,5,5,5,3,5,5,5,2,1,21,2,2,,126
137,1,3,3,3,3,3,3,3,3,3,3,3,3,3,3,3,3,3,3,3,3,3,3,3,3,3,2,3,3,3,3,3,3,3,2,2,18,1,2,,148,2,4,4,4,4,3,2,1,4,3,4,3,4,3,4,4,3,3,2,3,3,4,3,4,3,4,4,3,2,3,3,3,3,3,2,2,19,2,2,,107
138,1,1,4,3,4,1,5,5,5,3,5,1,1,3,2,3,1,5,5,5,4,5,1,1,2,1,3,1,5,5,5,4,5,1,2,1,20,2,5,,139,2,3,4,2,5,3,1,4,5,5,4,1,3,4,3,4,3,5,5,1,4,5,1,4,4,3,5,3,5,5,1,4,4,1,2,2,20,1,7,"Afghan",126
139,1,2,2,4,2,2,4,4,5,3,3,2,2,3,3,3,3,5,5,5,3,3,3,3,3,3,3,3,5,5,5,3,3,3,2,3,22,2,2,,98,2,3,3,2,5,2,5,5,5,4,5,2,4,3,2,4,4,4,5,5,4,4,2,3,4,4,5,4,5,5,5,4,5,1,2,1,22,2,2,,135
140,1,3,2,2,2,2,5,4,4,3,4,2,2,2,2,3,2,4,4,4,3,3,2,2,3,3,3,2,4,4,5,3,3,2,2,1,19,2,2,,117,2,5,5,5,5,5,5,5,5,5,5,4,5,5,4,5,5,5,5,4,5,5,5,5,5,4,5,5,4,5,5,5,5,5,2,1,30,1,2,,150
141,1,4,4,3,4,5,5,5,5,4,5,4,4,4,4,4,4,5,5,5,4,5,3,4,4,4,5,4,5,5,5,4,5,3,2,1,19,1,2,,112,2,5,4,5,5,3,5,5,5,5,5,2,5,4,4,5,4,5,5,5,5,5,1,4,4,5,5,4,5,5,5,5,5,1,2,2,18,2,5,,155
142,1,4,4,4,4,4,4,5,4,4,4,4,4,4,4,4,5,4,4,4,4,4,4,5,5,5,4,5,5,5,5,5,5,5,2,3,19,1,2,,104,2,1,2,1,1,1,5,1,5,4,2,4,1,1,1,1,1,1,1,1,3,1,1,1,1,1,1,1,5,1,4,4,4,4,2,1,20,1,5,,67
143,1,5,5,5,5,5,5,5,5,4,4,1,5,5,5,5,5,5,5,5,5,4,1,5,5,5,5,5,5,5,5,5,5,1,1,4,20,2,4,,141,2,3,4,4,4,4,4,4,4,3,4,2,4,4,3,4,4,4,5,5,3,4,2,4,4,3,4,5,5,5,5,4,4,2,2,3,20,2,4,,133
144,1,4,5,4,4,4,5,3,4,5,5,5,5,5,5,4,4,3,5,5,5,5,5,5,5,5,5,4,4,4,5,5,5,5,2,1,21,1,2,,136,2,5,2,4,2,3,4,4,4,4,4,2,4,2,4,2,4,4,5,5,4,4,1,4,2,4,3,4,4,4,5,4,5,1,2,1,19,2,2,,127
145,1,4,4,4,4,3,4,5,5,5,4,1,4,4,4,4,4,5,5,5,5,5,1,4,4,4,4,4,4,5,4,4,4,1,2,1,18,1,2,,162,2,4,3,3,5,4,4,5,5,3,2,1,4,3,4,5,4,5,5,5,3,2,1,4,3,4,4,4,5,5,5,3,2,1,2,1,19,2,5,,132
146,1,4,5,3,4,3,5,4,2,4,5,4,4,4,3,4,3,5,4,3,4,5,3,4,4,3,4,3,5,4,4,4,5,3,2,3,19,1,2,,139,2,2,3,1,3,3,3,4,3,3,4,2,2,2,1,3,4,4,3,3,3,3,3,2,2,4,3,2,3,3,3,3,2,4,2,2,18,2,3,,93
147,1,5,5,4,4,5,5,5,5,5,5,1,5,5,5,4,5,5,5,5,5,5,1,5,5,5,5,5,5,5,5,5,5,1,2,3,18,2,5,,143,2,2,4,4,5,4,5,5,5,5,5,1,4,4,4,4,4,5,5,5,5,5,1,4,4,5,5,5,5,5,5,5,5,1,2,1,21,2,5,,152
148,1,5,4,2,4,4,4,4,4,4,3,2,5,4,4,4,4,5,4,4,4,5,2,4,5,4,5,5,5,4,5,4,4,1,2,2,19,2,4,,126,2,3,4,3,4,3,4,4,4,4,4,3,3,4,3,4,3,5,4,4,4,4,3,4,4,3,4,3,4,4,4,4,4,4,2,3,19,2,2,,121
149,1,2,3,4,3,3,5,4,4,3,5,2,3,3,3,3,3,5,5,5,3,4,2,3,3,3,3,4,5,4,5,3,5,2,2,1,18,2,2,,162,2,4,4,4,5,4,3,4,4,5,4,2,5,5,4,5,4,4,5,4,5,5,2,5,5,5,5,5,4,5,5,4,5,2,2,3,22,1,5,,147
150,1,1,1,1,4,2,5,3,4,3,4,2,2,1,2,2,1,5,4,4,4,3,1,2,2,1,3,1,5,5,5,3,3,1,2,2,18,2,2,,139,2,4,2,4,4,3,5,5,4,4,5,4,2,4,4,4,2,5,5,5,4,4,2,2,4,4,4,2,5,5,5,4,5,4,2,1,18,2,4,,127
151,1,4,5,5,5,5,5,4,5,5,4,3,4,5,,5,5,5,5,5,5,5,5,4,5,5,5,5,5,5,5,5,5,5,2,5,18,2,2,,123,2,3,3,3,3,4,4,4,4,3,4,3,3,4,3,3,3,4,5,4,4,4,2,3,3,3,4,3,4,5,4,4,4,2,2,1,18,2,2,,120
152,1,3,3,3,3,2,5,5,5,4,4,2,3,3,3,3,3,5,5,5,3,3,2,3,3,3,3,4,5,5,5,3,3,2,2,1,20,2,2,,100,2,3,4,4,4,4,5,5,5,4,5,1,4,4,4,4,4,5,5,5,5,5,1,4,4,4,4,4,5,5,5,5,5,1,2,3,18,2,2,,148
153,1,4,4,4,4,4,5,5,5,5,5,4,4,4,4,4,4,5,5,5,4,5,1,4,4,5,4,4,5,4,5,5,5,1,2,1,18,2,4,,145,2,4,4,5,5,2,5,5,5,4,5,2,4,5,2,5,3,5,5,5,5,5,2,5,5,3,5,3,5,5,5,5,5,1,2,1,20,2,4,,147
155,1,3,3,5,3,4,5,5,1,4,5,1,3,3,5,4,5,5,5,1,4,4,1,5,4,5,3,4,5,5,1,4,5,1,2,3,18,2,2,,122,2,5,5,3,3,5,5,5,5,4,1,1,5,4,3,3,5,5,5,5,5,5,1,5,3,3,4,5,5,5,5,4,5,1,2,1,21,2,4,,145
156,1,4,3,3,4,2,3,4,3,4,4,3,3,4,3,3,3,4,4,4,4,4,1,3,3,4,3,3,5,5,5,5,4,2,2,3,20,1,2,,146,2,3,5,2,4,3,4,4,4,3,5,2,4,3,2,3,3,4,5,4,4,5,1,4,4,3,3,4,5,5,5,4,5,2,2,2,18,2,6,,129
158,1,4,5,4,5,4,5,5,5,4,5,1,5,5,4,4,4,5,5,5,4,5,1,5,4,4,4,5,5,5,5,4,5,2,2,3,20,1,2,,133,2,5,4,5,4,4,5,5,5,5,5,1,5,5,5,4,5,5,5,4,5,5,1,5,5,5,5,5,5,5,5,5,5,1,2,1,19,2,2,,160
159,1,1,2,1,2,4,3,3,4,3,4,2,2,2,1,2,1,3,2,1,2,2,3,1,1,1,4,1,3,1,3,2,2,4,2,1,18,2,2,,122,2,4,4,,4,4,3,3,3,4,4,5,3,3,3,3,3,3,3,4,4,4,4,2,2,3,2,2,3,4,2,2,4,4,2,1,19,2,2,,97
160,1,5,5,5,4,3,4,4,3,2,4,4,5,5,2,4,4,5,5,3,4,2,2,4,4,4,5,4,4,4,5,4,5,5,1,5,20,2,2,,152,2,5,4,2,5,4,4,3,4,4,4,4,5,5,2,5,4,5,5,5,4,4,4,5,5,2,5,5,5,4,4,4,4,4,1,5,19,2,2,,132
161,1,5,5,4,5,3,5,5,5,5,5,1,5,5,4,5,2,5,5,5,4,5,1,5,5,3,5,4,5,5,5,5,5,1,2,1,20,1,5,,73,2,5,5,3,5,4,5,5,5,3,5,4,5,5,4,5,5,5,5,5,5,5,2,5,5,4,5,4,5,4,5,3,5,3,2,2,19,1,2,,148
162,1,3,3,3,3,3,5,4,3,4,3,3,3,3,4,3,4,4,4,4,4,4,2,4,4,4,4,4,5,5,5,5,5,1,2,3,20,2,2,,128,2,3,2,1,2,5,5,5,5,3,3,1,2,2,1,1,5,5,5,4,4,4,1,1,1,1,1,1,4,4,1,4,4,1,2,1,19,2,4,,104
163,1,4,4,3,4,3,4,5,4,5,4,3,3,4,3,4,3,4,5,4,4,4,2,4,4,4,4,4,4,4,4,4,4,2,2,2,19,2,5,,154,2,4,5,3,5,4,5,3,4,5,5,1,4,5,3,5,4,5,4,4,5,5,3,4,5,3,5,4,5,5,4,5,5,3,2,2,18,2,4,,143
164,1,2,2,2,4,3,4,5,4,4,5,2,3,3,2,4,2,4,5,3,5,5,4,3,5,2,4,3,4,5,5,4,5,3,2,2,19,2,2,,128,2,4,3,2,3,2,2,2,2,4,3,2,4,4,3,4,3,4,4,4,4,4,2,4,3,4,3,4,5,5,5,5,5,4,2,1,21,2,2,,118
165,1,3,3,3,3,3,4,5,5,3,4,2,3,3,3,3,3,5,5,5,3,4,2,3,3,4,3,3,5,5,1,3,4,1,2,1,19,2,4,,129,2,5,5,4,5,4,5,5,5,5,5,2,5,5,4,5,4,5,5,5,5,5,1,5,5,5,5,5,5,5,5,,5,1,2,4,18,2,2,,155
166,1,4,3,3,4,4,5,4,4,4,5,4,3,4,4,4,4,5,5,5,4,4,2,4,4,4,4,5,5,5,4,4,4,1,2,2,21,1,3,,120,2,1,1,2,2,1,3,4,3,3,4,3,1,1,3,1,3,4,4,2,3,4,2,1,2,3,2,1,4,4,3,3,3,2,2,2,18,2,7,"South Asian",87
167,1,2,5,4,4,4,2,4,2,3,3,4,5,4,4,4,4,4,3,4,4,4,5,,,,,,,,,,,,,,,,,,120,2,5,2,3,3,5,5,5,5,4,5,1,4,4,2,3,5,4,5,5,3,5,1,,,,,,,,,,,,,,,,,,92
168,1,3,4,3,4,4,4,5,5,4,4,2,4,3,3,4,4,4,5,5,4,4,2,3,4,2,4,4,4,4,5,4,4,2,2,3,18,2,2,,136,2,5,5,1,5,4,5,5,5,4,4,3,5,4,4,4,4,5,5,5,5,5,3,5,5,4,5,4,5,5,5,5,5,3,2,3,18,2,2,,146
169,1,4,3,4,4,4,5,5,4,5,5,3,4,3,4,3,4,5,5,5,3,4,4,4,4,4,4,4,5,5,4,4,5,3,2,2,18,2,2,,76,2,4,4,2,3,2,4,4,4,2,4,2,3,2,4,3,2,4,4,5,3,4,2,2,3,2,3,3,4,5,4,4,4,1,2,1,18,2,4,,114
170,1,4,5,3,4,4,5,5,5,5,5,1,5,5,3,4,4,5,5,5,5,4,2,5,4,3,4,4,5,5,5,5,5,1,2,1,19,2,2,,130,2,5,4,5,3,4,5,5,5,5,5,1,3,3,5,4,4,5,5,5,4,5,1,3,3,5,5,4,5,5,5,4,5,1,2,3,18,2,4,,148
172,1,5,5,4,5,3,4,4,1,3,4,3,5,3,4,3,4,4,4,4,3,3,2,3,3,4,4,4,4,4,4,3,3,3,2,1,22,1,4,,134,2,4,4,1,3,4,5,5,5,3,5,3,4,5,3,5,5,5,5,5,4,5,3,5,5,5,4,5,5,5,5,4,5,3,2,2,18,2,4,,142
174,1,4,5,4,4,4,4,5,4,5,5,1,4,4,4,4,4,4,5,4,4,4,1,5,4,4,4,5,4,4,4,5,4,2,2,2,18,2,5,,149,2,1,3,1,2,1,4,4,4,3,3,2,1,2,1,3,1,4,5,4,3,4,3,2,1,1,3,1,5,4,4,3,3,3,2,1,21,2,5,,91
175,1,4,2,2,3,2,5,4,4,4,3,3,3,4,3,3,3,5,5,5,4,4,3,4,4,3,4,3,5,5,5,4,4,2,2,3,18,1,2,,121,2,5,4,1,3,2,4,4,4,3,4,4,3,4,,4,4,4,4,4,3,4,3,4,3,3,3,4,4,3,4,3,3,4,2,1,18,1,5,,109
177,1,4,4,4,4,4,5,4,5,4,4,3,4,4,4,4,4,4,5,5,4,4,3,4,5,4,4,4,4,5,4,4,4,3,2,1,18,2,4,,142,2,2,2,3,4,2,4,5,5,3,4,2,3,4,4,4,4,4,5,5,4,4,2,4,4,4,4,4,4,5,5,4,4,1,2,1,20,2,6,,130
178,1,4,5,1,3,5,5,5,5,5,5,1,5,5,1,3,3,5,5,1,5,5,1,5,5,1,3,5,5,5,5,5,5,1,2,1,19,2,5,,123,2,4,3,4,3,1,4,4,5,3,3,3,3,3,3,3,4,4,4,4,3,4,3,3,3,4,3,4,4,4,5,4,4,2,2,3,19,1,7,"White and Asian",117
179,1,4,4,3,4,4,5,5,5,4,4,1,4,4,3,4,4,5,5,5,4,4,1,4,4,3,4,4,5,5,5,4,4,1,2,2,19,1,2,,135,2,2,3,2,3,5,4,5,4,4,4,2,3,3,4,3,4,5,5,5,4,5,2,3,4,3,3,3,5,5,5,4,5,1,2,1,19,2,4,,130
180,1,5,5,5,5,5,5,5,5,5,5,5,4,4,4,4,3,4,5,4,4,4,2,4,4,4,4,3,4,5,4,4,4,2,1,3,18,2,2,,140,2,3,4,4,4,3,5,5,1,4,5,1,3,3,4,3,2,5,5,5,4,5,1,3,3,4,4,4,5,5,5,5,5,1,2,3,18,2,4,,135
181,1,3,4,3,4,3,4,4,4,4,4,4,4,4,4,4,4,4,4,4,4,4,4,5,5,5,5,5,5,5,5,4,5,5,2,2,19,2,2,,141,2,2,2,1,3,1,3,4,4,3,4,3,1,2,4,3,2,3,4,4,3,4,3,3,3,4,3,3,4,4,5,4,4,3,2,1,21,3,2,,103
